LAD24CD,LAD24NM,Region,CTY24CD,Income,Employment,Education,Health,Crime,Barriers,Living,Overall,Rank
E00006001,District_1,NA,NA,25.158183197181135,24.97540613882986,23.139572550137068,18.502702362438182,19.053311754591824,22.680215117992685,26.99554804039512,23.296049090331223,114
E00006002,District_2,North East,NA,26.01970215410619,28.816368003576773,30.570791746417036,28.60907633285469,31.805690072031656,18.943143515613613,22.606423291699404,27.183115263259598,63
E00006003,District_3,NA,NA,12.307650149515634,12.121279698191097,17.18029022293573,14.587040581125194,16.729394224947427,7.942742063935519,19.360113547535715,13.871362041004335,244
E00006004,District_4,NA,Cumbria,22.141235221552773,17.053346649666146,16.812502411740553,21.743315655453905,37.495587930278106,10.305518910402244,22.3888694692634,20.579919762193846,151
E00006005,District_5,NA,NA,37.10742321796887,35.266257581525295,29.36897565452977,33.12761711648785,27.919585122789954,33.97202563250206,39.727846233919294,34.17632738677905,19
E00006006,District_6,NA,NA,10.735618942552211,8.764672443983102,2.8860058951186076,8.552135560531958,15.218776416604326,9.363144167115825,12.93006427636685,9.430702898809702,286
E00006007,District_7,NA,NA,13.262975906626533,10.387060971614673,6.594959784473549,0.3466749113830616,13.454865522458787,13.867131582157727,1.8895051879677212,9.024024173400578,289
E00006008,District_8,London,NA,7.350801988636089,12.659350978899075,24.560702465556336,13.288409774840531,13.755452670060071,16.89539030762584,29.769593810158444,15.20300809594341,225
E00006009,District_9,NA,NA,21.987352768923135,23.554558069562756,15.859252237090288,29.05245970789469,23.641742230162087,42.835277895516235,35.60034014038467,25.82935857580636,79
E00006010,District_10,NA,NA,7.741179232124379,5.658982495095255,18.179411877182012,14.170421469216818,12.078292940469117,17.637323732610422,9.530144820200265,11.06296050814884,270
E00006011,District_11,NA,NA,24.985354294856307,33.86687271565385,20.957955766054475,29.628809683139156,29.856577062966007,30.69135472827753,19.22621681022043,27.5533774460939,59
E00006012,District_12,NA,NA,15.24051403450256,20.593499307179925,20.965411966231535,25.77179806623293,17.041254739649652,28.51601943030618,39.363519035048675,22.242834115561447,128
E00006013,District_13,NA,NA,14.809407049290858,16.562819190038567,5.306009531736027,4.298619889194308,13.447116582988341,20.49497276338874,7.7957143772968855,12.281488657537258,260
E00006014,District_14,Yorkshire and The Humber,NA,11.650723564725403,17.75094994805418,13.216838577583882,11.430177287704733,13.624235616534069,6.686980115270666,13.204696431889825,13.060711855580903,255
E00006015,District_15,NA,NA,28.334241967532094,22.677912882880094,12.318804582221812,11.459776064329171,3.465204076745753,17.15416145531607,18.277658143979444,18.291672187131145,185
E00006016,District_16,NA,NA,35.66673718647104,30.15287825572058,16.1274603848755,7.212012767045435,2.4755783132638385,21.309048838703177,28.499787211522722,22.784762778476356,124
E00006017,District_17,NA,NA,16.34289270534879,19.13167991332359,19.35963077101638,21.66597540123316,7.6439743554671225,23.253752422386626,23.187283032380883,18.542375189265357,181
E00006018,District_18,NA,NA,13.745431370717498,11.574555734471758,18.112045717385286,18.378024635335514,15.843381401644619,2.426108982123907,18.93884441920388,14.063254180471251,240
E00006019,District_19,NA,NA,6.203672144169362,11.436537496436163,13.734970104381109,8.167322858796553,12.322695717864198,27.242629289234902,24.93011860523772,12.928273269311038,256
E00006020,District_20,West Midlands,NA,21.545033705689416,23.328238787859043,30.834257124138773,25.48937516343835,28.347020467306642,35.625547979048,32.08072674092361,26.664836078958132,70
E00006021,District_21,NA,Suffolk,37.12539139890396,40.22269952701437,24.350489530133608,20.13813360067649,28.162041972086257,35.20217239377564,25.02780813352279,31.681387677764917,31
E00006022,District_22,NA,Cambridgeshire,18.043927838425848,14.474827861662403,19.412657487811487,11.34410342779528,4.802384379834043,15.747861262966747,7.13152485070645,14.062993328756425,241
E00006023,District_23,NA,NA,19.08843698895045,18.672632890420974,26.59059599760647,19.775673982961287,21.39292837068449,16.099552242186668,24.06594355544673,20.483407748448187,153
E00006024,District_24,Yorkshire and The Humber,NA,29.332078416562588,28.4529660834705,24.20351330775774,25.621099729078946,29.52212885580289,5.120931372034104,5.41038739778716,23.505983359925757,112
E00006025,District_25,NA,NA,5.125547578271302,9.994486496224066,7.023609777904346,16.183645509387684,14.110459518037853,1.2896743358261915,12.705359751966071,9.141482224339914,287
E00006026,District_26,NA,NA,38.545001666325234,37.84385747712486,31.68860837928417,35.507311574868844,27.590608415703763,21.93794485650808,18.027576371661755,32.586636935396605,29
E00006027,District_27,NA,NA,19.002034168465443,17.88201559968575,17.517470990444032,17.240716695649763,11.750063639070783,13.095844246037089,13.426664365448643,16.560027577432308,206
E00006028,District_28,NA,NA,38.174336695373796,33.41413514598618,36.86896435516789,25.72147427732674,24.07979836595064,44.31038789914481,36.393448452769164,34.329593435626066,16
E00006029,District_29,NA,NA,34.27899449901972,35.88040650585691,40.755480034495406,43.77965808565506,41.90995926929777,28.6233671241569,33.29433479325553,36.89526501108874,7
E00006030,District_30,South East,NA,6.670838294609338,5.808723111478894,2.887811665911425,7.016075536111812,13.8693545803592,22.819920967791273,0.9254150259348428,7.71369461805142,295
E00006031,District_31,NA,NA,27.776758098748427,26.15117023093754,25.8618811359707,23.13480937844762,29.442401415023028,16.514499699531427,25.653525632194594,25.423060006406004,86
E00006032,District_32,East Midlands,NA,32.215180516816005,38.22601235570043,22.051011235637166,22.892049769261668,30.067741204468433,34.62248831906253,25.413843543840848,30.34939935565866,42
E00006033,District_33,NA,NA,20.05496726695381,27.483150600719043,31.001314302996278,16.232582787803395,17.645486221650224,36.05864050555132,18.179182420643542,23.810671084426414,104
E00006034,District_34,NA,NA,4.673043270948259,0.6739440687155671,10.826554399296413,5.9719325196954625,11.21034309202938,17.379435187882578,24.11262894029433,8.35703342670639,290
E00006035,District_35,NA,NA,17.73245394446609,13.660219773224378,11.623896727981,12.864078383713117,5.814912857549878,14.637373300878146,27.205257446000367,14.760668581749758,233
E00006036,District_36,West Midlands,NA,13.113381043116515,10.493080450183161,7.93493396404873,23.5461311265478,19.222641633135765,28.019275697220223,35.287916240689846,17.225292231268863,199
E00006037,District_37,East Midlands,NA,37.975985940635205,33.95720514500677,31.543330524742906,18.970228946234673,30.787684205694383,19.12469081198745,22.19667076979512,29.74367451881275,45
E00006038,District_38,NA,NA,1.6770039497159885,7.397710113741514,0.7223909700948212,9.322153863737269,10.677078939181087,10.722493928353904,13.072695292392595,6.607326215576427,303
E00006039,District_39,NA,NA,38.08179226436339,31.720143975821664,29.18658299347416,26.986540310392108,12.567023936262235,36.551092875197995,25.225600180786877,30.225332413423125,43
E00006040,District_40,NA,NA,19.9054873079051,20.983784286866186,12.18388092497344,4.730169870567488,0.32517087378736775,14.447136798391092,7.067947595582316,13.522967478680926,251
E00006041,District_41,NA,NA,25.0528822801588,20.813287864628094,25.51835423730246,17.61395205568244,16.392956551290972,31.82171618068508,23.745530331316896,22.86024127148626,120
E00006042,District_42,NA,NA,21.93443968487427,26.67543882757603,13.254393015182561,12.870232070362352,29.84959392145621,24.548362407519136,21.614627061809998,21.57716933866544,139
E00006043,District_43,East of England,NA,3.4985408183991353,8.401652512042528,8.19898875636533,5.496522233658045,1.7563005155199853,15.813482002833009,11.66069685077031,7.245029538815393,299
E00006044,District_44,East of England,NA,7.844869152311297,2.2454798418383284,1.7381041867784504,5.373374182051975,16.372118380850427,20.43179645065957,15.643025119246323,8.134622273201392,293
E00006045,District_45,North West,Derbyshire,29.628262806252316,28.34202093781291,20.98687354573401,36.21261113913905,44.02373106723441,24.682227145639402,27.805112089094834,29.794770393114085,44
E00006046,District_46,Yorkshire and The Humber,NA,18.0566405631751,23.744548690032424,28.219042441538512,23.90818673820739,17.637473081376424,28.247881081200788,24.448088999164515,23.00188017660703,117
E00006047,District_47,NA,NA,7.240414683431329,7.6181051687228205,9.488424838712822,14.85399633315049,31.489831882693675,6.417503256847601,22.277959130449783,12.235606984933133,262
E00006048,District_48,North West,NA,12.023308564902461,14.185078814160068,28.191687262078904,20.68093120643731,24.487444443859452,21.824315194020816,18.275020362972487,18.539059651804905,182
E00006049,District_49,NA,NA,9.731807965103297,19.01460228874724,24.7539439594976,16.893838977997394,26.361109398555893,47.925040246477494,29.595688676602254,21.81118920085057,135
E00006050,District_50,NA,NA,31.951584095697708,33.77615530217702,17.261296222536757,13.832883944062083,21.8813222215654,16.50790343177629,16.60871021377254,24.128216043319647,98
E00006051,District_51,West Midlands,NA,21.041607014984947,18.095574353861984,5.837211818461807,15.20033782858149,7.466644480556949,20.097145975535824,23.21229345216868,16.3536015143654,211
E00006052,District_52,NA,NA,30.433114927305116,24.670050820566686,31.090171658494274,30.56880411909315,17.546422846745635,48.846472859404365,43.3994483811441,30.93544946963268,37
E00006053,District_53,NA,NA,16.74239716608182,15.130814874543503,26.734460920386017,30.152419019268528,25.47230615288178,22.799661008364293,14.171257279028202,20.712451536424975,148
E00006054,District_54,NA,NA,16.039730398651603,5.013955037386879,16.08124621615372,18.74785334215331,7.438752520568384,40.119472347978075,9.461496643273255,14.808573723886614,230
E00006055,District_55,South West,NA,23.974518197736725,22.936294600640604,12.469374279826408,11.307399350803959,29.771567860106863,10.952334420091598,10.265600306445434,18.557472063968945,180
E00006056,District_56,NA,NA,12.544110819961734,27.020627230518397,7.252404770044633,6.00796163129761,7.141876424446631,21.269659144524372,15.58471922573819,14.793936134907916,232
E00006057,District_57,NA,NA,15.958324889787775,7.373897418804583,22.73465541649746,22.575721145748048,18.530231219116807,3.311519245284245,20.329102084595842,15.27123633706815,224
E00006058,District_58,NA,NA,13.562910908058003,17.583661890824658,21.359040004845117,23.26453762719246,23.03662398716874,11.773931987997992,2.492029929600182,16.563447371378526,205
E00006059,District_59,South West,NA,15.996024879079197,19.4537476858649,10.788911762826123,7.217983462166369,11.911415131357257,1.4048998105410178,21.99378702908444,13.651620434584345,249
E00006060,District_60,NA,NA,14.457867255385546,15.312868742121388,7.962503879332299,9.100260733038699,5.140699914786964,2.3928017262072494,12.76200313134108,10.866151759824294,273
E00006061,District_61,NA,NA,23.72824012878456,27.147427168488964,28.099932707406012,34.19844783271482,25.809903332188796,19.952509664855953,24.576073961619596,26.416582406067867,75
E00006062,District_62,NA,NA,28.037720213389946,31.675620531895746,30.928076997524457,26.551686153037018,23.202229988002276,18.814935616435854,19.982489980900638,26.985324523717757,66
E00006063,District_63,NA,NA,17.784712284387506,15.752639206177143,22.76771047798427,16.162112605512448,30.83700182519638,9.047403578075741,35.86041881436972,19.817886408253234,165
E00006064,District_64,NA,NA,12.499180448134616,24.551011007958166,1.8508817643327191,26.071924259245165,23.87235214536721,24.070949223187938,21.23297543939861,18.571453310362504,179
E00006065,District_65,West Midlands,NA,27.520698374193785,25.86813300894868,26.32993888922281,38.63315447185494,28.2789899456928,20.229350244755103,16.77724581011974,26.900749105955875,69
E00006066,District_66,NA,NA,25.740713287219148,23.033549950601813,16.88885980035782,25.191462817333694,21.696583509003176,23.167344314678864,21.09170683691923,22.815379540470595,122
E00006067,District_67,North West,NA,33.85988908437887,33.52902655730513,32.38205802571272,28.198747602028938,35.918709875901385,7.994051515489739,20.792893111987674,29.383987491385074,49
E00006068,District_68,NA,NA,35.45014827950535,30.621652529693204,37.748155391888055,31.445686522870187,39.89413263430019,25.259060301296348,38.944697733115916,33.901899965424136,21
E00006069,District_69,NA,NA,16.59770342421386,12.829336770279387,8.12697404041705,12.39203768696849,10.080244115549874,15.099988013558281,22.761238621089703,13.831784155121376,245
E00006070,District_70,NA,NA,28.94565313824925,25.239480591756116,36.66133552395059,22.770652847084687,23.633873763162637,16.221416747867902,19.069847057901082,25.717512353099966,83
E00006071,District_71,West Midlands,NA,30.609798305544647,21.170012379936015,27.337991612856058,25.461691178166966,43.09009494984087,30.81364540898229,26.47907572002102,28.182386729911347,56
E00006072,District_72,NA,NA,3.1837582859192928,6.259705848224879,2.4315862179339476,1.4420526856285534,17.104175221935577,22.771000692881653,35.67090931551658,9.646244232467506,283
E00006073,District_73,NA,NA,27.286325378908572,25.09950431534731,38.12068866357894,38.3915982119869,18.18944176923305,22.904331554893208,35.446823744328135,29.210093012190487,50
E00006074,District_74,NA,NA,8.583565411163239,9.16938459403228,15.129286529956197,10.407889970053356,22.74721901745422,22.28953492071797,2.9885392614781345,11.989392736329672,264
E00006075,District_75,NA,NA,31.553343702746517,28.336602839901786,23.292707926887523,18.18963477087725,16.058154119934184,41.07847146553058,47.60139996710544,28.787459663952756,53
E00006076,District_76,NA,NA,35.642014585799366,38.710376308205156,24.562754295555028,27.97007291068041,28.358746358302348,30.39427499956939,38.74302356264106,32.88962877362832,26
E00006077,District_77,NA,Norfolk,46.75781005662469,50.79096549735709,33.130195565085,35.91753703320137,25.66377490042397,35.53981032408336,39.21153495228076,40.61329714244803,2
E00006078,District_78,NA,NA,34.254848487503345,31.939558318866297,24.18193928182895,28.323842786552,32.01679880450244,40.56537625971298,35.922505014122045,32.110354193036045,30
E00006079,District_79,NA,Surrey,20.659347951601582,21.95782927661868,12.348830933753511,17.560761374001505,6.532076856682476,31.95163087229858,28.541836145131725,19.85137732521154,164
E00006080,District_80,NA,NA,32.9931892174028,36.27553900355235,40.653882853890764,42.74101524698794,38.916169755141084,13.343898340279818,34.60164326860047,34.922629456572565,11
E00006081,District_81,NA,NA,12.24044990334081,12.563481252841285,15.362950906141545,6.743077793533583,23.798600988440946,17.6260001948721,25.597327414382363,14.804294964306266,231
E00006082,District_82,NA,Hertfordshire,8.765278856965331,5.434968713086807,19.17116146054101,20.40436163095647,12.401007156638702,7.877811616209872,16.823683755598836,11.978370642038401,265
E00006083,District_83,NA,NA,16.527382160708946,17.655292970503858,13.21264013298465,19.691807692701225,28.768825896527655,6.462424713461724,28.608621711368517,18.05494712296263,186
E00006084,District_84,South West,NA,27.35044416495574,31.294130834446864,30.72052607592905,27.058330631473215,24.876254195958168,19.684819691151375,20.485829446864454,27.072201699858102,64
E00006085,District_85,NA,NA,13.803469438909682,11.69114856644569,11.4992959645139,17.203768930062296,22.419864118737987,14.705312339837569,17.948740586791878,14.753481228348692,234
E00006086,District_86,South East,Cambridgeshire,22.094811803363363,28.562498152223277,29.882614907603624,19.92039186827112,15.957124758304104,29.95178922147691,27.93428964239018,24.9967335506444,90
E00006087,District_87,NA,Kent,29.881899575824562,31.298995273704893,18.1189029155149,21.243502912323486,27.873670202970796,14.402453446014368,21.893073293463857,25.066234470967643,87
E00006088,District_88,NA,NA,33.64622794582165,34.18608977433596,32.61009227055903,29.489402947169463,35.21427475617753,44.53739398911627,28.570123781851223,33.79342301259833,22
E00006089,District_89,North East,Worcestershire,28.368317293133092,17.695212821244347,22.41380032872573,27.271733097874666,18.06447544294316,25.989343062635182,27.32926955377612,23.716588306195767,106
E00006090,District_90,NA,NA,27.192306529735998,39.94345508147711,19.237645336878835,23.292903888314594,22.05094708688375,14.20219159443921,3.0917795097375347,24.56947883852612,93
E00006091,District_91,NA,NA,37.80658325218571,35.703617572282084,32.398456830768886,39.60431199861493,33.748086070170224,27.158096079797378,17.854685669785404,33.65317799199968,23
E00006092,District_92,West Midlands,NA,8.56925371516182,7.41263755620583,5.145098408223193,3.922565021995151,11.69592710016797,27.229645980694773,12.895783589280287,9.678610064854384,282
E00006093,District_93,South West,NA,27.373781071550603,26.501666892916973,19.46203329119887,27.68813880060222,48.720350840023045,20.422770435749726,21.584972216833155,26.998493045111747,65
E00006094,District_94,NA,NA,36.66504776240459,29.11867707055532,39.943244655803824,34.13230767333568,21.07987439320742,13.660865775485714,10.508487326798212,29.047671827287502,52
E00006095,District_95,NA,NA,9.159927499901334,10.784072909692995,16.16034240007765,15.581590949792513,21.154927037034987,46.705109310994985,28.894910798495744,17.81980651931866,190
E00006096,District_96,NA,NA,9.395031168406321,8.87050928610919,19.733216140648963,12.997379935071983,34.86604018711016,20.598350153565818,21.111801393745694,15.69755628028965,221
E00006097,District_97,NA,NA,39.10278266870654,34.72876327968247,25.698759952960277,25.248592044542278,33.59208870288042,23.923447519658982,28.653198340643318,31.532754149849517,32
E00006098,District_98,NA,NA,20.607350122279282,22.165035224249838,14.234192201007026,20.234433655881677,18.265491173801998,37.004063027504955,37.10947304944783,22.867511417223493,119
E00006099,District_99,NA,NA,13.44259362594774,13.51233610053205,22.830946549780663,8.77986962517917,11.746406927192519,35.39412230032792,25.2724258640446,17.085187976455984,200
E00006100,District_100,NA,NA,28.067126818879323,29.028879143309762,28.998939671097993,22.269287593823588,20.009175573334147,26.89438612359248,29.94440355300962,26.91864670323585,68
E00006101,District_101,NA,West Sussex,18.686838951625784,16.138487892349662,13.216602378997957,9.822995109945053,15.311752937545135,6.105399609563786,2.0274829554272777,13.163147158865584,253
E00006102,District_102,East of England,Warwickshire,47.11302019273901,46.723672739235695,37.74434199327379,39.90933519069942,22.053614293914272,32.74573083097595,28.35363545354989,39.35426730721475,4
E00006103,District_103,NA,NA,29.45962701647298,34.08978032772683,26.47585606052128,26.236119392036954,9.188992486660718,25.68688251739865,29.941090255863678,27.42263958695369,61
E00006104,District_104,NA,NA,13.16902908631516,18.123183663072123,25.893468661386812,13.060634110412742,20.11835119938621,15.9013773162282,5.264923449152951,16.195269062212212,214
E00006105,District_105,NA,North Yorkshire,14.13879397424497,14.953092778100775,10.08052347200293,15.001377188726806,15.908461266665004,7.5654304404380674,10.316382154737953,13.090225214577515,254
E00006106,District_106,NA,Derbyshire,11.166104589548679,20.633996451438726,26.374609354736286,24.981295994278767,18.386544523707983,10.36327492598189,20.720881734808444,18.6841821601925,178
E00006107,District_107,NA,NA,35.35559316019816,35.24701961670333,28.32849220851169,22.5180787366178,21.158489579204247,3.0423117428163593,11.750236171224033,26.106472333397438,76
E00006108,District_108,NA,NA,2.8284190671378333,3.1549282364204636,12.995938776210203,12.979737754316076,6.278528747104426,19.427840233601852,26.973083611962565,9.722652053165392,281
E00006109,District_109,East of England,NA,34.478720420400414,32.65212536366782,31.251877111986214,30.134158304714163,26.394060560047574,28.791872593748877,44.006246099813616,32.59478088126379,28
E00006110,District_110,NA,NA,29.924195237315715,19.15457168227683,12.05341801349011,11.31963544592704,16.651500999225107,11.245702629490573,8.085091530120554,17.575977356368476,196
E00006111,District_111,NA,NA,34.517084856713765,22.156693832549685,24.850640980547244,21.125440216634907,25.1510586037442,17.859433717461282,29.290179985727498,25.68048413593386,84
E00006112,District_112,NA,Hertfordshire,26.85647778248425,27.030739795891513,8.074534530598799,10.45235119338129,25.106071947046583,11.008299575190769,12.696948689884016,19.199344204573972,170
E00006113,District_113,East of England,NA,32.16896954079043,38.053774994229336,41.363066200499034,34.29904834201701,20.006273765313242,42.28077048104271,23.352716190526507,34.03351664417032,20
E00006114,District_114,NA,NA,14.439655656816726,9.627989305770514,9.170456601431699,6.7574955565350106,8.238662183877128,12.607219362060327,5.677073923806365,10.056789057914266,280
E00006115,District_115,NA,NA,21.1610011631515,7.465729425790649,22.07702651019366,14.435517720533273,5.336173627707865,33.293725106807244,15.361480915003224,16.422581515789346,210
E00006116,District_116,NA,NA,38.15508065942748,39.378138276510235,29.470279329944518,33.26585514516017,18.272457923369323,39.329106268236046,32.18160485167657,34.28284544957852,18
E00006117,District_117,NA,NA,35.657005381741946,23.303738771882614,38.11747310826074,40.869210244997234,28.26689568711329,8.77358793401315,22.755286879248064,29.49619145039469,48
E00006118,District_118,NA,NA,6.236997490666036,3.6345737378713565,6.022608135515062,0.15844278036312787,15.141285869302083,8.468962340753215,1.457353414951445,5.429680787365353,307
E00006119,District_119,NA,NA,21.212342638347845,28.28500870384787,20.83007947100753,8.197112180480708,7.313167276573907,15.308392539946475,1.250875099773058,17.31720186649396,197
E00006120,District_120,North East,NA,33.334346496962326,36.8375173038289,45.38922287789198,42.28470342781097,20.90285633972235,31.838699582765827,28.914182182989208,35.23737361555333,9
E00006121,District_121,North West,NA,25.686953382047914,20.057954595193728,16.429120134145624,16.135307192671373,15.368423444728293,23.851571340413912,18.687020136476235,20.096533300871037,159
E00006122,District_122,NA,NA,46.013535247220815,42.2289312091848,34.62791650186877,26.98794841926913,30.573195527383827,21.200237805275158,20.742602591609312,34.958007116892325,10
E00006123,District_123,NA,NA,35.417074795023034,34.71327518856771,37.631906230731495,33.611248066748715,26.87754224594912,38.248223413620416,32.00932731386204,34.46494177237444,14
E00006124,District_124,NA,NA,14.604551617560222,25.401015383794554,25.20403922437275,13.66450842158239,16.506615440433524,38.82730462524546,6.353171812092031,20.077014376836555,160
E00006125,District_125,NA,NA,16.91289252700353,17.753312334541448,20.499474990652672,7.526104857921064,30.866080610826515,27.77094084862235,24.987912313873526,19.402778520301332,168
E00006126,District_126,NA,NA,33.141070867209216,33.45704897325844,34.25549853047506,32.92697121257723,31.88023687192603,15.19058410342653,24.85243263564455,30.762657309283785,39
E00006127,District_127,NA,NA,17.854923107786824,23.943321283623515,18.466962949914823,8.89936318700576,33.4509828572427,17.111630029951037,12.703662542683261,19.045836869676503,173
E00006128,District_128,North West,NA,12.349714238453746,9.888563363421317,18.505599387989186,15.79949345732416,18.524781903700486,23.84944393225896,21.76648655103576,15.619335238548558,222
E00006129,District_129,NA,NA,30.853692081984033,27.265646087576282,36.769911521018514,32.385500166250814,28.420658208560383,30.253657947936738,31.248202615185843,30.799229936166384,38
E00006130,District_130,NA,NA,24.277643646407903,28.192708648193626,15.232518087862225,8.201666475793143,17.62380823825137,19.86103560874965,5.267780084739478,19.00460455547047,174
E00006131,District_131,NA,NA,22.54754697385644,22.87120437882519,16.014896607633776,22.40947884309192,25.632134598811554,14.1311994255251,30.95061258362381,21.969581605039462,131
E00006132,District_132,NA,NA,9.051272471083598,6.052007236816262,12.398610746415894,10.255624317787873,10.959076527594409,26.552646147622152,8.958653177003253,10.826452108020844,275
E00006133,District_133,NA,NA,34.662418837309815,32.56445257274092,21.39918804496431,22.146295405200828,13.25614323440373,14.92025085465194,12.61098083369016,24.81643204652611,91
E00006134,District_134,NA,NA,6.1751019677805825,11.555539244228912,13.518787874026298,11.911085513476586,33.05089626955498,17.49085619530163,16.49103161163109,13.7080865092232,248
E00006135,District_135,NA,NA,39.16266825842247,36.77036583398518,28.781660212030175,33.705095809325414,25.02524986343807,16.277603655776048,17.093379312932143,30.982819956163965,36
E00006136,District_136,West Midlands,Worcestershire,11.713394496980577,12.503057958694033,20.68888261596294,12.990043786835834,16.979234236075854,0.9934385286289249,17.752409604055355,13.300477643916558,252
E00006137,District_137,NA,NA,7.256311082582345,12.13020275320223,13.205186328996199,3.3714731014058223,1.2576927980919699,23.183978481472458,15.237356051175343,10.293135452320204,279
E00006138,District_138,NA,NA,18.10988567521534,8.431020150306987,16.58226674150163,5.670650572600941,10.979740613109914,8.171887835266544,1.4033504033461952,10.921553887043292,272
E00006139,District_139,NA,NA,26.614064151434643,23.318961242684036,33.13031228034573,28.730520283997304,15.4992372788897,9.181884695311101,14.872148809032272,23.269343090224993,115
E00006140,District_140,NA,NA,23.350203482476722,18.62410735552544,4.578001697709494,9.223643078114641,11.301901164510424,2.462633179908085,28.298809485435672,15.161965599695712,226
E00006141,District_141,NA,NA,11.813624652329857,14.400156700126212,10.820358080866848,16.028939582048064,29.164373461080245,1.2405354573867342,15.001334478548102,13.761342439119822,247
E00006142,District_142,NA,Surrey,13.786446933878107,22.223392603451433,19.546090041543312,24.529063131094485,20.40005287088341,15.03274507143859,30.174277922224306,20.134160391726024,158
E00006143,District_143,NA,NA,13.897832873099444,17.147885682269337,8.66371268189469,18.5455912355539,19.449454149991237,6.208036864884077,20.222391045861837,14.916019544354254,229
E00006144,District_144,NA,NA,47.2278152604118,41.03700162647708,37.114808588934544,44.12364529358286,28.783312692144516,42.14625850213791,32.60601320496643,40.49962552559366,3
E00006145,District_145,NA,NA,18.799520916259578,15.74485407596385,21.787485299813312,13.018272017970135,14.956673281922612,14.417976217039609,28.470244162424986,17.824175288170697,189
E00006146,District_146,NA,NA,40.94828511453931,29.188919249700323,31.529614628899857,34.49141595705352,42.44973436735564,29.44404207847701,14.177489493051512,32.799592927786364,27
E00006147,District_147,NA,NA,15.196113941793044,21.564322527230328,21.848424703206554,17.538523229984214,25.44020872773695,13.774760738243664,19.687803012212264,19.085660546878273,172
E00006148,District_148,NA,NA,5.988634396236723,8.002916906258488,1.2606370098843698,12.6274214050237,3.485216401364056,8.20568529284847,16.400220872288216,7.609642468530141,296
E00006149,District_149,NA,NA,9.77698019483717,8.11587276966195,23.980168245120815,18.318601386497892,23.70782099348679,4.9555276604187295,21.216726110906905,14.368749289383475,236
E00006150,District_150,NA,NA,33.511594313631576,31.656096908955533,24.323605910491253,24.949032457295758,18.026027578295093,15.979281881136705,23.02341142594081,26.617148131714043,71
E00006151,District_151,NA,NA,23.329309422220327,25.144314595455402,25.63111083017923,13.712449059538876,12.75414899813093,28.406404492432863,38.32847467021881,23.577761291012237,108
E00006152,District_152,NA,NA,39.19891273534051,31.414330637636958,27.021591354918435,36.35609436294292,18.217452567875807,27.949958011481733,20.733786306150797,30.69591210342375,41
E00006153,District_153,NA,NA,39.56094728667165,33.92199310173448,34.984171198737826,45.88987019346182,32.06207877094785,38.823000285036294,41.681135741924784,37.93704190243006,5
E00006154,District_154,South West,NA,17.754775072665197,14.750826902384961,9.206025533019925,12.325408865693017,6.658921109698937,16.215893218217023,17.632565307359812,13.980542327026933,242
E00006155,District_155,NA,NA,0.11632403501318223,0.3394076330503175,5.252412659718205,15.000546447080946,17.689648323334023,17.802380327011388,9.17401108916867,7.034092824540167,300
E00006156,District_156,NA,NA,26.923723002547703,21.24097857303297,26.296812575887934,15.552075731924955,13.849363127017057,11.677129209544784,17.55561578669211,20.491679968836056,152
E00006157,District_157,NA,NA,29.116226017826044,26.971806069638948,33.2091643597781,28.71501203684099,19.555277499466968,23.388168671662722,29.15243448972125,27.68291752355543,58
E00006158,District_158,North East,NA,21.968491187673525,25.362936781057474,23.280330229000754,22.306663703717252,16.031565615232747,26.116688081619714,12.57295418886508,21.93946545208025,132
E00006159,District_159,NA,NA,26.17641346888177,26.218605182466394,22.86381632387764,24.396294304354548,20.21423644970978,18.00709094202454,3.177765430484218,22.086019122323023,130
E00006160,District_160,NA,NA,20.49531934719706,19.485517517779368,31.687388084570014,33.19942477464141,29.350569110155483,19.86690567241452,20.761687698054164,24.299620027782264,96
E00006161,District_161,NA,NA,19.05026637057745,28.19031146001211,25.14511044650614,25.376563270808337,18.50990117065909,21.983195481457514,18.350416146866316,22.94793759888915,118
E00006162,District_162,North West,NA,26.588425001718964,27.360341927317712,22.821603080939276,16.458347852939177,13.040260284367525,30.140102429270073,13.404773885425803,22.749830042590737,125
E00006163,District_163,NA,NA,16.092640984562806,16.73854238204376,15.845027852779335,11.112072111679593,26.356088299987142,14.899260082193464,13.778700096735209,16.18556585770176,215
E00006164,District_164,South East,NA,11.053528155550104,7.922328758282168,12.385601489590254,12.636918758873723,2.8106317848034905,21.015352409130774,15.258461752789845,11.28433809532974,269
E00006165,District_165,NA,NA,40.38958919235846,41.91880969738277,35.682696447376806,28.57435195851822,40.854892743389556,36.80998372257997,35.86888891886878,37.8004545519529,6
E00006166,District_166,Yorkshire and The Humber,NA,4.376199919641266,11.408888009217854,11.109121808762332,0.01396275115515877,9.700841609002472,7.095481827654243,1.6856365356511205,6.800619214273152,301
E00006167,District_167,NA,NA,0.40761264421947985,1.7769038271383764,5.291105226808924,0.8854402680666453,2.7927765368731166,0.4418126414470436,3.181801625392083,1.9189979660894223,309
E00006168,District_168,NA,NA,37.21802458500326,43.59532501869607,30.685952570174145,20.095138955435946,23.022164442801902,9.844283719146636,28.630138450466738,30.737476052716822,40
E00006169,District_169,NA,NA,19.57022842070319,24.194928470871456,33.56038992792382,29.820911058074323,25.51919757660536,21.511629135302325,21.28107504918542,24.786861225771965,92
E00006170,District_170,North East,NA,13.322806252523886,12.542623337069102,7.471253576422274,0.6759184275420616,23.95176145275476,35.00420169806172,15.907410300883116,13.952073304600654,243
E00006171,District_171,NA,NA,17.006330083192708,22.683084379110753,22.485512838714254,25.860945789224573,10.711431196804721,24.902021554765064,20.03873915536964,20.643654704172416,150
E00006172,District_172,NA,NA,8.639879331615552,8.356944046742846,10.754237484234505,9.422006140941898,21.156744834379577,0.19170876385879865,10.230124881497419,9.496892480696868,285
E00006173,District_173,NA,Hertfordshire,19.760692996417642,19.407650406264658,17.761150985202573,12.156770028878073,1.3084214337184008,19.16562363142699,23.307786155215172,16.894531637662585,203
E00006174,District_174,East of England,NA,33.353754602212106,22.910186388020637,29.204513178909323,40.350439957384886,29.817019501006477,20.76772239686816,30.1510746897942,29.56845259858165,47
E00006175,District_175,NA,NA,20.03342202136614,20.35735995243566,23.929415866585963,6.948836723517376,12.87597125431887,30.329551205695314,3.0249340172687695,17.63325873902489,194
E00006176,District_176,NA,NA,33.64587771692956,28.424139360748157,28.677519880445185,29.83056089323796,27.275712459372595,26.461865644235672,29.0164933439518,29.58089906772316,46
E00006177,District_177,London,NA,26.596702699320673,19.863040044324215,16.328784630542508,29.319664830009046,29.281771409973516,11.400306278673597,9.222209956858354,21.31077907103329,143
E00006178,District_178,South West,NA,26.69659058840661,23.814255624278328,16.75089570938624,11.39446226951507,22.639812338455872,39.90450781688,14.136832556397877,22.378589069838505,127
E00006179,District_179,NA,NA,26.311236653676296,27.54302287426421,28.56103294132177,21.862947225532558,22.39000979153109,28.037085734904128,35.67671625154563,26.9259242539624,67
E00006180,District_180,Yorkshire and The Humber,NA,16.51006132977819,19.331177617339126,2.437975968913971,0.6928564850111343,13.10942430197926,18.739650193086977,2.244180788786352,11.71457949240335,266
E00006181,District_181,NA,Norfolk,24.853254521307097,24.04025740374509,19.679182433337612,19.448810303272158,18.6857143849321,0.2186871319844279,25.603990577989663,20.383596498705206,156
E00006182,District_182,NA,NA,16.620406641773464,13.972397097118776,26.01178791610874,18.875331937772586,21.34042029098348,7.057615233740025,7.464016636366905,16.31271689364649,212
E00006183,District_183,NA,NA,3.3211611490753192,2.984945942303103,5.047562463600059,4.216057070435436,12.594805469189938,15.74879001070647,12.095150068690131,6.450667809427207,305
E00006184,District_184,NA,NA,12.416488361337908,19.76699697740536,18.081618764598108,25.640026617346713,32.93289984499625,27.855367031653323,24.915351302278374,21.160973298266548,144
E00006185,District_185,NA,NA,25.337728800670526,20.860303083451313,17.362956005292048,15.403417009429848,25.70619536007259,20.268421042211997,7.572990064982239,19.867175194980305,163
E00006186,District_186,NA,NA,19.02055066466206,22.2022931923379,25.233728875606232,16.993136824993876,21.484012601046352,22.314527586520605,27.582971972631068,21.619095532761662,138
E00006187,District_187,NA,NA,5.4089286109521755,4.700965284898418,9.389860021821137,10.551226271719742,30.36456251007931,19.14215633516117,11.946659852761393,10.745110453240773,277
E00006188,District_188,NA,NA,10.444162285614729,17.049122555457856,17.35995345372652,13.442368709034598,11.151627848215242,31.567825098445358,24.717226558952824,16.627201001452594,204
E00006189,District_189,NA,NA,26.559842346340393,17.916773753405533,32.104895670340746,14.674992324991308,27.003253318755576,30.113102620332555,20.144085166789814,23.56154498103712,110
E00006190,District_190,NA,NA,15.095175568645242,8.809530170455986,2.809461737803314,5.443667074152005,11.467159849569912,26.187543604090248,28.38071555025428,12.624192408532345,258
E00006191,District_191,NA,NA,34.708612285734134,33.36252600545414,18.629364351751306,24.142368712048487,28.696768645676656,20.829356725845575,37.50899101200769,29.170981180505635,51
E00006192,District_192,NA,NA,16.48471695281781,18.967895542190423,18.202262132038616,10.636310281246546,20.79002412150097,21.5166631588405,26.829877398009142,18.30386934462361,184
E00006193,District_193,NA,NA,31.94319815045774,37.0428519350969,25.23107494219633,35.06780537971621,46.77044292840555,40.58022337060666,30.18633409236051,34.677293479426595,13
E00006194,District_194,NA,NA,16.395580571898932,16.398500726638666,18.80293559116148,5.913295396883747,18.198399923394003,22.81977456262089,5.9283933533043385,15.14564145352587,227
E00006195,District_195,NA,NA,18.08500111055293,12.624047986807328,19.042302997244175,23.004145716080693,1.6057945473408957,32.32204452297483,35.40767811449719,18.99564236518966,175
E00006196,District_196,NA,Gloucestershire,21.621184317742124,22.95772272132683,20.065065387118505,18.866382567194496,6.441513586199244,22.94395839809468,29.019657751959016,20.689388593807003,149
E00006197,District_197,NA,NA,26.89597403688435,21.978166851474306,35.78887580834968,23.395725359154167,34.46128722757806,32.433015270059165,37.93099184073094,28.755350860435037,54
E00006198,District_198,NA,NA,24.55271066866015,12.741836192067804,19.97906209218209,25.56435550035771,22.553302127770984,17.74263327314116,30.691528917377404,21.129985884307285,145
E00006199,District_199,NA,NA,2.923813402048154,9.276559977940448,1.5802370611805294,2.1017441124984018,9.051803866243937,27.52599857701513,7.21824651780905,7.3666848876565165,298
E00006200,District_200,North East,NA,20.068454279898422,17.327046136240373,1.9310510576260675,12.065346108750147,7.010853810035849,13.982414767316884,16.777726299689032,13.807857092912542,246
E00006201,District_201,NA,NA,18.376431237062434,9.285350170201403,0.7905567930217394,11.05297809057152,22.383722318235474,20.79574705284513,18.5412571880332,13.593540763095097,250
E00006202,District_202,NA,NA,9.245657574927641,15.628363914365375,5.581431377962611,14.43459665844524,25.503611945464062,20.07387482076101,18.13372308883057,14.260714940792122,238
E00006203,District_203,NA,NA,14.246461633935862,8.052925106729807,16.237577936498493,12.141653086084297,11.377544429822551,27.307138497216364,19.643229554229013,14.29149374264776,237
E00006204,District_204,NA,Nottinghamshire,20.97721243194585,36.3994992802422,28.411894147402414,40.20716991410043,33.87099112910173,26.187896067771028,38.55755738942733,31.34910823229657,33
E00006205,District_205,NA,NA,40.59377416781615,37.9650433648376,29.682153595883733,27.825819540608173,33.828657792004805,30.94172820581153,30.837827456353224,34.36790145913785,15
E00006206,District_206,NA,NA,33.20185570015731,32.060961670928215,23.55292283740401,18.643871098242858,18.46815950048572,23.985888133758316,14.647247909551172,25.73208792691936,82
E00006207,District_207,NA,NA,0.7713063627574712,3.2375984280602665,11.82852338207663,17.38346267605354,16.679543398230827,1.9117581283022638,15.603358377478495,8.016097594775273,294
E00006208,District_208,NA,NA,10.095285702528017,18.0721257620229,22.472734671598776,18.595664307176083,12.692797772230826,1.4464216119030588,20.44152726417199,15.064864736926761,228
E00006209,District_209,London,NA,31.989307158765417,18.076360456434468,29.245958365170964,25.36188248953018,18.226526535943734,33.055221538225084,25.12271990968195,25.76964458772204,81
E00006210,District_210,NA,Somerset,28.156676487817677,28.33265431506488,16.827966886149895,13.455086953006642,18.90654773199035,15.971045564459853,3.896414205781923,20.462360340617856,154
E00006211,District_211,NA,NA,12.599923646354766,16.8421750819721,18.922354765671937,18.694761381896324,18.898091207110692,24.10107072600251,20.28851812432815,17.613669908630552,195
E00006212,District_212,West Midlands,NA,32.97710489011328,21.68586834175348,17.33498067590444,25.3016862702787,20.92660422114215,14.296858697895242,24.184264538180553,23.577931800649548,107
E00006213,District_213,NA,NA,19.47494227775149,14.206109140693297,13.570633304022188,1.5775272571076542,22.449813134000305,27.362029434648292,17.754795833954624,15.95329491398014,218
E00006214,District_214,NA,Gloucestershire,25.379694089738678,26.046401168988336,17.042084560543568,12.820526320247481,18.324595556685153,31.33692416115886,20.095191181035325,22.12873548160873,129
E00006215,District_215,NA,Oxfordshire,21.447201359015835,17.516010484991227,19.731691993914993,17.962133531112613,6.355150899722524,11.763345758442087,16.738093580652393,17.083074715564667,201
E00006216,District_216,NA,NA,12.633375279949586,11.653325372178479,19.48629749981738,22.763350233095593,6.775953851209611,8.07909671451399,22.248295747366825,14.581786511678821,235
E00006217,District_217,NA,Hertfordshire,21.691466609414164,23.3746731011283,24.06511724271933,28.45068483086765,29.74596449717665,19.406331657498196,10.62307922821841,22.855059980040068,121
E00006218,District_218,South West,NA,26.254826028154586,28.860732706099785,29.727947376928633,20.57112152015584,25.041638509806017,9.413107937244176,10.700152398860515,23.427589644680854,113
E00006219,District_219,NA,NA,19.86614500673759,19.97528256216251,25.466630592566847,26.267316299568606,26.859834111317724,28.501887765603314,31.06253305827864,24.003395586993385,100
E00006220,District_220,NA,Lancashire,9.761383574804308,14.458001181418542,8.843574100407858,20.58567876550368,27.872478735021275,12.623929242582033,27.812635521855462,15.772606661887506,220
E00006221,District_221,NA,NA,12.316038040820263,12.204712870913198,17.38709356473398,13.069080091892456,20.207767634430656,27.698351250866722,26.228196461219724,16.540371374397623,207
E00006222,District_222,NA,NA,22.411425896866827,8.892196199759193,27.95476446416311,21.671250156515683,17.453815363313442,26.586104824270162,11.625482331376826,18.972912773176848,176
E00006223,District_223,NA,NA,18.447515711834686,27.110930423677715,18.47552645291499,20.80539962971929,19.095597956378494,36.28914593907355,40.409277384922945,24.451961036356927,95
E00006224,District_224,NA,NA,20.387231836999458,20.4208505135739,8.665696495679345,13.648805960797779,17.833251586590908,7.467232576757796,20.57957453020053,16.449984063739592,208
E00006225,District_225,NA,NA,27.5661446359116,20.99181582517308,28.386961383278738,37.364024924156524,34.675357945981794,19.80084372040411,28.44157757833011,27.53690539560418,60
E00006226,District_226,NA,NA,23.644626964377395,28.648380846848283,25.79762756063253,22.075791914557307,22.524557976002836,12.73790816129266,18.747860467399068,23.266080111785396,116
E00006227,District_227,NA,NA,27.238409622338903,14.721226549754533,21.29814462529515,19.329431023039373,23.002213911801523,34.83892436004325,23.126941281971643,22.50197370244889,126
E00006228,District_228,NA,NA,0.24152575651680053,11.148255831040359,0.6896672554332604,4.5572063251100445,8.375663258810626,16.914721613592675,2.3646814900875732,5.886436687559903,306
E00006229,District_229,NA,NA,17.705538725200626,21.635897835341172,31.942962495355044,36.273532992043634,38.33393440146328,30.930570920211657,44.49762483177929,28.645964357339984,55
E00006230,District_230,NA,NA,0.8344170694883815,11.086286749260154,10.985751357005732,9.363421835480585,23.280605232949075,13.346367507241265,7.326936449039339,9.568283430935697,284
E00006231,District_231,East of England,NA,2.4613147584840966,13.302138338396702,9.819936401487805,9.144398694138877,8.624921325909153,24.343831616530423,17.212777394907576,10.788143679781223,276
E00006232,District_232,NA,Essex,11.533652270491586,15.149797854088881,20.629771567938523,13.61765559744171,32.51438404906128,31.897997185886826,26.857167364342764,19.163500225467853,171
E00006233,District_233,NA,NA,14.573605872566617,23.991171153137813,28.726138085035878,12.859945732819348,0.37301409481347747,12.362845293619475,10.31844668994555,16.42976299019018,209
E00006234,District_234,London,Kent,28.689558646752236,35.11521821416776,24.773555884962658,16.538903981604715,21.85826464893654,18.621338814622735,13.7748855372203,25.01855890308155,89
E00006235,District_235,NA,NA,30.007110758066915,16.87559911510375,18.682526586978348,30.12208569020205,21.470226760707394,30.361529838661262,16.730264700449013,23.56697307886319,109
E00006236,District_236,NA,NA,15.068717693064091,16.238183992908134,22.535161908985817,15.602531987319065,26.606556695565633,18.588213677766845,15.457842118402166,17.877350531467687,188
E00006237,District_237,NA,NA,24.669276700539637,17.1864694435436,15.255438604976005,20.404796146393064,16.581583011817468,20.244892262868106,23.934378378895595,19.884283779049287,162
E00006238,District_238,NA,NA,18.372350626639058,28.055837905351503,12.33105993987623,23.599230362050466,22.629156762772634,22.58209115550819,21.11431568901624,21.492288574706123,141
E00006239,District_239,NA,NA,6.724290841074014,8.871664650185474,13.996847618468967,10.264365888069158,6.894711779440918,16.39712053379222,1.3162481016066856,9.115540207817784,288
E00006240,District_240,North West,NA,11.203222578986445,14.137849466724099,18.350879753927053,17.135548174388454,24.063530531762254,12.20148456840105,1.9713977061055772,14.115011208672483,239
E00006241,District_241,NA,NA,18.7032956754884,6.455640771051629,15.108806607804528,15.258753508881924,8.014010895381762,3.1398707890715016,16.152117347288375,12.273690637503192,261
E00006242,District_242,NA,NA,22.2354751235415,24.561569096638674,27.19532291393174,30.12691265202607,14.677242551065,10.405180454568926,12.98331959677287,21.819165700189625,134
E00006243,District_243,NA,NA,30.215242063975943,27.336238099937116,28.798774261487925,22.740357705626828,20.884653726671694,23.6598997968043,25.645698725218615,26.446711322440827,74
E00006244,District_244,NA,NA,7.053210917588018,2.8585226458745048,7.87382299705421,6.261045986329389,13.16940200289694,18.041929388300723,11.810128581524623,8.166335419036846,292
E00006245,District_245,NA,NA,18.038665015800404,16.798928061282858,2.5330739792505277,10.321081153008182,31.86561710112595,29.211204603300175,18.103645425741878,17.00539553543591,202
E00006246,District_246,NA,NA,26.34951854725837,28.959375188638127,26.878835820991583,34.10344368061213,18.967722873720234,24.972862550090433,12.103792303279484,25.94080574585038,78
E00006247,District_247,NA,NA,20.192739441569465,15.828239296255264,14.459975021636353,24.6456168063033,17.212392169546888,24.457337155301648,23.600765919319198,19.466668331381754,167
E00006248,District_248,NA,NA,24.83699666492919,19.385882204266387,30.905803436918937,32.36785373077053,32.223075130075,14.373539701904265,13.669029127147988,24.14898249368843,97
E00006249,District_249,NA,Northamptonshire,11.480583235235514,15.06151067839499,23.688574716209004,21.589321399700577,31.172329796917637,16.503791098967476,12.981620855978917,17.782064468361845,192
E00006250,District_250,NA,NA,15.446065220095452,15.658139918267892,10.324197624433806,1.5644984551415853,4.753405748707422,13.317601409074545,22.445242929983504,12.340237670562232,259
E00006251,District_251,NA,NA,22.639176964733526,27.2291610848727,33.8624419577726,24.600411790906616,27.83825285648644,19.481209277654223,4.300608798318498,23.995265011825126,101
E00006252,District_252,NA,NA,23.066052681662022,20.684664468187037,13.661039159474923,11.546852025176022,23.93840932211755,25.748980562394895,18.804891250316683,19.6597189202011,166
E00006253,District_253,NA,NA,19.092738327048263,21.521983007934534,16.464999698060158,14.926934801919293,14.30538734902073,21.618551297126114,5.675517772436679,17.29979422877161,198
E00006254,District_254,NA,NA,28.32665643817387,35.59896975550137,25.022384009824886,18.75840017242482,22.25485073184695,22.61872553763095,13.594205476154466,25.780139996634947,80
E00006255,District_255,NA,NA,37.84564201609295,34.314881672745955,41.117108363896996,37.961241151001914,22.069251094805857,22.546494263387217,26.614157818930792,33.54546502723222,24
E00006256,District_256,NA,NA,16.951131685666155,18.600546838068546,17.27870320308361,20.709420807319706,40.7401695427676,20.45490348673179,19.89251061701496,20.731382302578545,147
E00006257,District_257,NA,NA,30.01022229860805,24.947295535075156,24.01200973357167,22.69087192692129,30.65445517231807,24.69852806519829,29.696058849744368,26.601509240786314,73
E00006258,District_258,NA,NA,1.0226537719703472,5.410559027162309,13.736239133079033,20.490962111530454,22.515666664638562,17.849357979793407,15.99368357961768,11.342253911213756,268
E00006259,District_259,NA,Gloucestershire,23.431191432651786,31.19979474292809,31.29173206695736,8.282033110177322,11.894701839235173,9.311260742361933,22.366671069643253,21.66199702993827,136
E00006260,District_260,NA,Somerset,19.48475474534004,21.617204307810308,15.016628085314338,34.184379499111856,20.04961473970126,12.344083006216806,22.489615283278294,20.99154347221363,146
E00006261,District_261,NA,NA,31.49252882415751,27.114999225147184,35.06318350773139,28.39880613864559,50.207500203508346,16.32969067621729,34.28970865813601,31.16116932616062,34
E00006262,District_262,London,NA,24.499225607367357,24.971893249236018,39.192807725672,22.83952249304045,23.419341747635308,26.640904991162845,34.65769628059207,27.380282427701054,62
E00006263,District_263,West Midlands,NA,15.080164021178994,12.598714720097503,13.250883446335573,13.855098547559388,24.333125837146643,24.163548166413825,16.487290697415713,15.978095479068688,217
E00006264,District_264,NA,NA,16.687389013780344,20.719388470822885,21.99040679299376,14.298696076471682,20.325711180713107,44.37597506215897,20.992179192757025,21.35151014183454,142
E00006265,District_265,NA,NA,18.878272239258578,28.82547266160192,22.880090450099395,26.97514469137294,22.82204830062834,24.260146969065474,34.55729788367348,25.046764706943904,88
E00006266,District_266,NA,NA,42.81029616595268,42.082519264185194,34.42229558882792,22.60888412763984,21.12456710112442,25.719022577756654,24.449255424592575,33.4506667412112,25
E00006267,District_267,NA,NA,5.050392563713512,7.625592694135451,2.9542505953762905,5.62796005034825,14.02406133703428,9.821803459488715,5.329981413242653,6.755750603050353,302
E00006268,District_268,NA,NA,7.030586799598769,4.137068166856057,7.319280394532367,17.130698380210994,12.896110826429348,23.74050484155067,23.540050016593234,11.412552491994184,267
E00006269,District_269,NA,NA,24.4249318776172,25.002010577684572,18.906565752431373,30.873544751505072,39.69813111556674,18.460101445402117,29.378733621795167,26.010495089727925,77
E00006270,District_270,North West,NA,23.573705347797354,17.374711649391372,25.738269402808335,23.51900353228641,26.367694161604945,32.90862089076793,27.978131844611674,24.012407466595725,99
E00006271,District_271,NA,NA,13.429775318428671,16.587302449863337,13.706445255586885,23.10380995418637,16.78538672060325,17.420215551594296,30.06466984879453,17.67857945343537,193
E00006272,District_272,Yorkshire and The Humber,NA,18.762737348745105,20.428092339152645,19.13135689619759,10.560984107044698,26.84591644217324,26.15275705130063,27.395831389733633,20.32690152217075,157
E00006273,District_273,NA,Lancashire,15.490714950022976,8.758615098062844,10.584640602675217,6.012016934214431,12.078161084270532,12.505481782889909,9.055100376001759,10.847053134519813,274
E00006274,District_274,NA,Derbyshire,17.097553452746926,20.279863911576662,24.550944383214052,21.211088564348454,26.257639049675255,12.08581899716983,12.169197762887823,19.325649668003933,169
E00006275,District_275,NA,NA,15.22931156330154,13.392924327818703,18.68879028043912,19.412949385595788,26.891064075377663,17.299294456840606,28.510500338438398,18.347767021436958,183
E00006276,District_276,South West,Nottinghamshire,49.78336671641307,46.147017686902075,46.97614198634302,41.41466916913805,27.002674670727366,44.22070241313767,40.03176157360342,43.88617536132734,1
E00006277,District_277,NA,NA,26.75141461942854,23.418452583313577,26.003876812304327,14.71000243604727,7.560644182882278,26.274046434090838,21.52969518065309,21.93656199401567,133
E00006278,District_278,London,NA,38.16069090706207,46.61960472265642,25.522215200777207,21.195675842612754,19.763176610304544,44.347190704082294,35.62827331011292,34.67951130032122,12
E00006279,District_279,NA,NA,26.691620078368423,30.644601676245255,21.264395173049916,16.81528321638522,23.105539101277632,24.63060887074156,21.41262967557027,24.50347720550497,94
E00006280,District_280,NA,NA,27.87060307757526,29.556414284658455,26.724305973148265,25.05754037006213,39.443210395949805,22.429123741665336,9.035010782954224,26.60265087637531,72
E00006281,District_281,NA,NA,16.479911271508225,7.794626760770839,23.713510169382236,17.301877857934105,9.758729195426179,19.737743752764633,22.052702119275942,15.785756561763458,219
E00006282,District_282,NA,NA,23.940364645386364,20.94286629832612,16.030870534732927,21.75998911901419,26.308914170115074,11.005567954829615,32.24130374192778,21.64708615423442,137
E00006283,District_283,South West,NA,24.640890994149473,28.287218342091762,14.096407257975368,22.961352045312733,14.931703541113881,28.996685910486114,29.304155745307074,23.72219312157781,105
E00006284,District_284,NA,NA,18.37853998543168,16.516783992956753,28.69192105653514,33.05913617096926,33.12198140816768,17.357675286156038,20.280415484243083,22.80864540039312,123
E00006285,District_285,NA,NA,21.300713273087837,19.68508254311898,13.438806485388055,29.045771106632287,25.37171192356353,7.491178252727936,26.263047759994485,20.44287089871647,155
E00006286,District_286,Yorkshire and The Humber,NA,41.450345696420776,45.61669400351003,31.642376203804712,35.67939848616565,19.216795140298853,15.983479692744876,25.498338515060027,34.31740009112498,17
E00006287,District_287,NA,NA,25.77569331061556,26.128134508503674,11.699478416172495,5.75119134936025,3.014773977940223,11.93509242489461,1.4956806297511918,15.589050242595665,223
E00006288,District_288,NA,Staffordshire,28.161730130863173,22.4792016178903,17.62012608181475,23.8076356711069,21.73333819114872,11.536833170849189,15.476139140936324,21.540476282188024,140
E00006289,District_289,NA,NA,28.830914294385614,22.878133727631166,16.926279036047337,6.450674086373104,16.482278628515715,8.848540554654951,8.956469348264267,18.00293454022553,187
E00006290,District_290,NA,NA,0.7724276429558365,3.898933567374982,0.19181225844309324,2.8333053040477836,4.6756889991398385,6.081436881160013,21.006775159718213,4.371983866263828,308
E00006291,District_291,NA,NA,30.110694068314977,33.37229826225621,20.15259670112899,25.377963876059226,20.355495648773434,30.71361422071455,29.722276991208844,27.95686931910908,57
E00006292,District_292,NA,NA,11.101154335689712,8.472324926245811,17.449187067321137,11.664310969859223,12.313041406738133,5.642084050122589,10.034251324157115,10.94317460653075,271
E00006293,District_293,NA,NA,6.763165517221637,0.9537211694104926,7.505663188496808,13.119615947831356,15.3752320376374,4.338934271827496,20.263024109457284,8.217230157146851,291
E00006294,District_294,NA,NA,12.524072058799748,9.05742604104836,13.124631518587258,9.696798690608995,16.575851504329314,18.577446533623636,17.67845064982012,12.86735402279666,257
E00006295,District_295,NA,Warwickshire,13.654471768293192,14.414535785383238,13.856677058698864,13.508910964964516,21.965234722164116,26.223384932158897,17.40000336193434,16.153800252506528,216
E00006296,District_296,NA,NA,2.731628539194034,4.749922759775391,6.637932969208814,9.568891370046657,14.039681713197277,13.544458208224063,10.875714454950666,7.4705779215481964,297
E00006297,District_297,NA,NA,24.43665333712624,25.36953375831845,17.882882018030976,24.18319580843827,26.161398221736807,29.303160506872246,19.363579312653275,23.897167820405063,103
E00006298,District_298,NA,NA,28.559078075091268,24.135388302690988,17.66686616168048,35.580550480278056,19.488293985806614,23.79855032651915,26.885107600140508,25.576566075349003,85
E00006299,District_299,NA,Suffolk,25.47527486381678,28.82847815833439,10.73543253960792,21.115320330641502,12.217149389733216,15.394734822084066,8.807097284965511,19.93396382323722,161
E00006300,District_300,East Midlands,NA,21.0014922738546,22.73361676467621,11.397231716363736,19.953865497031668,11.969682796476372,23.468021782085923,15.020403720761115,18.791215927309732,177
E00006301,District_301,NA,NA,7.882129101512232,9.076427902232584,7.357011348496787,12.021378236165557,8.44780913728152,25.206611420561284,12.310685743445895,10.736889589677197,278
E00006302,District_302,NA,NA,20.549591652225395,9.969692757532002,14.71244034194427,5.504979669004337,5.489903569512579,6.440195295496116,15.038216883601423,12.082989605373431,263
E00006303,District_303,NA,NA,19.43955283152044,8.734661750533517,11.894758798924196,17.958050722780378,30.992120979999584,26.930628595798158,21.59248703644927,17.81531260937348,191
E00006304,District_304,NA,NA,27.21587261262738,28.81853913832701,16.165083632154825,25.41740968237178,8.784491785625523,32.46047563710389,15.630142071476614,23.546363933018018,111
E00006305,District_305,NA,NA,1.055954505150222,1.404701415006155,2.4683222664025024,11.132767009461052,22.923642118275545,15.473562507048875,5.705079917915693,6.550986266294997,304
E00006306,District_306,NA,NA,44.16042585386933,37.933089061938986,31.81784126630385,29.190647219976988,38.20832274830626,26.397724179167362,37.75433794071792,36.24265167447939,8
E00006307,District_307,East of England,Hampshire,18.490672322859808,16.606013503205205,23.6562465170445,25.055073138465442,32.62247668098601,32.13328688139184,37.42984074741635,23.99326567005184,102
E00006308,District_308,NA,NA,11.202137886590732,16.315335081969696,14.861394949969686,22.522991000691725,17.001747492479954,16.989415891773533,19.45448363471756,16.21838756989405,213
E00006309,District_309,NA,NA,41.461601662567,34.67826559463709,31.340377966424562,30.65541522939158,14.832053463556072,27.274307701469304,16.904979472975427,31.022454677551302,35
