"y","x1","x2","x3"
14199.8332704637,46.1850937811884,200.851192278999,"B"
16600.8975680086,47.9072824185953,198.302303929213,"B"
15437.8727190785,49.2175693223623,203.049223227361,"B"
15280.0111344622,51.1166605854406,196.301674910534,"C"
15299.459283565,50.4081918529882,201.185831422595,"B"
14228.6535897331,49.0922363046751,199.63767380042,"B"
14959.3367206052,47.822095402047,203.733560700883,"A"
16858.8357503069,54.3211852789623,204.367178590988,"B"
17064.834497756,51.919574978221,199.561469064905,"A"
15170.7833404075,49.3774444696118,199.457357605488,"A"
15871.7135771288,52.7505991034459,197.15583956175,"B"
13840.5074579537,47.5557590306274,205.609959990104,"C"
15856.6870774075,48.3688003739619,199.381142239605,"B"
12407.3519959492,41.347911728756,196.420658290916,"A"
15632.1001018532,52.1527966973871,199.509230984224,"B"
17550.4749013022,53.3770037941422,197.497283355916,"C"
17340.4019537872,55.8435721094836,203.30243916913,"B"
13482.6193930733,50.0055694494702,201.515607620521,"B"
14195.9950082946,45.1407268468855,199.501775939498,"B"
15232.3838036506,51.0249330112494,199.571648592734,"A"
14537.9962753098,44.9927642842109,198.320972892561,"C"
17160.8591564558,49.8796286919764,196.378259367216,"A"
17857.5271769838,53.7404323742673,203.725697756636,"A"
20361.1527728383,59.984104747325,197.456334289931,"C"
15201.3258503498,49.8867361639651,198.310162653207,"B"
15498.8101801796,51.0632869458184,205.159550109007,"A"
16467.4216280341,49.717721437804,203.249666184245,"B"
15702.1686032974,50.0584995626033,203.014846609073,"B"
12987.6186397135,42.1258896301843,196.62164417177,"B"
16358.9002475342,49.5609766058642,198.168545018797,"B"
16288.5314274695,53.5920488943641,196.612023129091,"A"
15170.4323092296,49.5441913220367,199.660397816903,"A"
12849.7624346668,46.5777048633658,204.296673111443,"C"
15800.4733151974,50.5654887370113,201.234995377607,"A"
14774.6291125757,50.1085372716448,200.824153419719,"C"
16338.1426616037,50.5829319786098,204.512038426473,"B"
19237.9053893997,56.100039490669,203.702932668339,"A"
14561.9036504754,46.4079686194679,200.413396683177,"C"
14946.83902284,49.4150575512573,197.04216565958,"C"
15139.8448929317,50.5292345539994,201.228368788072,"A"
11541.244830353,39.5740205511074,199.769053377222,"C"
16196.4934870754,47.9281929916526,196.914236666495,"A"
15259.705745695,45.789757525137,199.355329986505,"B"
16652.6247600084,53.6487738186821,201.950496770306,"B"
15436.416893028,50.0723190239576,199.634492539494,"B"
16857.7765079963,54.9243298493476,203.45986785674,"A"
15178.3470554526,50.3521435117452,200.038989636301,"A"
10207.6144946392,41.6965740275219,194.840509249027,"B"
12149.4870034619,39.8963364661116,197.795944842869,"B"
15121.713450439,49.6070631832132,198.873561567357,"B"
17918.9425483776,56.1713242650957,198.647458690553,"B"
15478.2896824932,49.8024430589212,196.865895621197,"C"
17209.3730651869,49.1734016860786,200.798431749856,"B"
16823.6093104171,56.5814674726949,205.003062255334,"B"
15454.3560892058,50.1203647138472,198.236645629841,"A"
17103.5058924767,56.8873706560412,198.577354980829,"B"
15603.4554902781,52.8170732678557,210.022042272749,"A"
17690.1506302727,52.3232488964209,200.575683342019,"B"
15433.7027915099,47.1905501051986,199.323205838523,"B"
15507.6653499297,50.2769426990718,198.811552271572,"A"
13600.5763137475,46.0877854609143,199.357827895922,"B"
17096.5334513568,48.6925204393702,207.634487321807,"A"
15418.0627558647,57.2935285114061,200.680179188876,"C"
11781.3412248198,39.0301977272292,203.59154892294,"A"
15627.8202755263,48.7591812846065,199.446267514753,"A"
14020.4056776601,47.0909584477237,196.935639517784,"A"
19476.7416394361,53.764934907423,205.083586312517,"B"
15794.7500698996,50.5584840909167,195.384745829214,"B"
14985.6128946795,45.2669630735593,199.081301479686,"A"
16079.6380167987,52.397571439312,200.304418252746,"B"
17383.5690482992,54.6778748844702,203.999186046388,"B"
14359.7465032266,50.9875225518115,192.265297740185,"C"
16542.719523483,55.7639556454957,203.235484821281,"B"
14800.6629730456,44.4240478355691,200.346208056058,"A"
16129.8691677596,48.3097466069984,199.000510281678,"C"
13664.7405676901,45.3696033152575,198.137704361054,"C"
14323.2553706513,48.0943312908652,201.900762932441,"A"
14074.0260398392,44.4029689546057,206.071850914777,"B"
14600.7675296821,50.2691493009121,201.370547312652,"C"
14675.8504905681,49.6315839097918,196.679697684687,"C"
14910.6691405484,46.7319287952599,199.771969438197,"C"
15922.2697663356,57.274992143167,188.747862469767,"A"
15774.9813672196,51.0038515927321,194.149045936575,"A"
16559.1894698679,54.6605266221034,195.155140650894,"B"
14929.9651427639,50.9196363788281,199.388742437455,"B"
15016.8654240982,49.3850190713869,201.308079094725,"C"
16870.5926399311,47.5451396587047,198.205480449405,"C"
15164.527682109,48.326367904468,199.249259096344,"C"
13972.0773730956,42.5438746364553,200.880226665323,"B"
14596.8323473065,49.887451536439,198.616502630821,"B"
15949.6954679115,51.6383494026631,192.186062662089,"C"
16334.5713777611,51.6073632488969,192.458481130541,"B"
12734.6740831861,45.9894150103326,201.835038247981,"A"
10845.9568389674,40.447060947512,202.498308470175,"B"
15441.1214237813,50.0728105242631,199.260982390741,"A"
14408.276329391,49.352008791327,195.085695227279,"B"
14478.4511883902,47.9855488377439,198.748971356655,"C"
17439.5105432175,52.5191486399939,200.841955529692,"B"
14447.5385684326,50.589669481069,196.94575271452,"A"
16032.9287543191,51.7284830758619,201.486318567112,"A"
15844.6892952963,52.2272727522854,200.317858528833,"C"
16763.2247659613,60.350310889924,208.627264476846,"C"
17659.0204489001,55.3041322782912,202.11472631125,"B"
17375.3415144676,52.890396639327,207.633927056545,"A"
15470.8680138239,49.6325224800853,200.577811187558,"A"
15591.5178905094,53.6504303503399,194.516042165415,"C"
16749.1337915328,50.2787758788716,203.627795558248,"B"
14469.157785255,44.8930333549411,200.99836200933,"A"
16105.1260474208,53.1893022018162,202.576993551618,"A"
15832.1525506722,51.2456799925856,199.963319476804,"C"
13794.8474662333,46.2516310775127,196.704011628132,"C"
13422.0030574404,52.9541548598795,195.00124900758,"A"
16778.0372891966,48.7472848235084,196.897371142402,"A"
13673.9164545932,49.2740664131958,199.733641365605,"C"
15537.2505820613,48.6877533233077,198.506942098555,"C"
13686.5841231183,46.9851278980711,199.17061019857,"B"
15404.8282353116,50.2047936784359,194.727747432994,"C"
15914.3316670751,52.7787418733223,205.456542002086,"B"
15389.7470224902,50.7945867982232,204.652641561034,"C"
14394.1443874317,47.2987116234074,200.311377117883,"A"
15231.9909230663,52.791175915351,196.449188754012,"C"
15458.3695255995,54.3450821100814,195.98013645186,"B"
18792.8639542346,52.7593743918576,198.475211988654,"B"
17793.3568774062,57.53241009915,202.259800502093,"A"
14872.5013750663,48.68884875981,202.999945941533,"C"
16118.8416371955,54.5713822389231,198.231356638809,"B"
14239.372762274,49.4849767815221,197.711390324493,"B"
17940.2699083942,54.2421553231475,195.557921500606,"B"
14444.6859878916,46.5150174587172,202.958035222943,"B"
13747.241025688,49.6347632503819,197.298504167486,"A"
14997.7361456233,48.5921635860165,204.022338419507,"B"
13769.2415255198,49.7126523928694,201.095178426835,"B"
17352.5104343122,55.1478816147874,198.124538539543,"B"
20473.768732781,67.0330871514392,200.871422833,"A"
15626.7979416481,48.7448603558056,200.220618817042,"C"
19369.680700991,61.9562940615414,197.138125908712,"C"
14973.9159463222,52.1111479833582,194.243597143303,"A"
12581.0625805755,41.4191336245764,199.887503487207,"B"
20747.5523875126,67.1535044862488,198.957730894791,"B"
17211.8034844666,52.4672917393403,201.203106217865,"C"
17476.2144347549,59.6311310368265,199.591537993269,"B"
14720.782841572,50.4819619468838,204.280786044624,"A"
16816.1295755283,55.1104513442105,203.21970909664,"C"
19086.0940487969,62.1386468518491,197.31709354941,"B"
17308.4741144332,54.2029099871677,199.186731874491,"A"
15114.0289932665,49.3476326207402,201.48458403605,"A"
15516.8543621005,45.4572667612433,193.146391667029,"A"
15504.831857252,45.6424274163652,200.105726807689,"C"
10835.6196277918,34.2318807753807,201.793113234506,"B"
16639.1393086489,50.375394286981,200.770654111912,"A"
16386.0729231686,52.7785125685793,198.321031450301,"B"
12313.5395393084,48.9608291093577,201.348391330455,"A"
18237.5800335179,53.9909810524342,198.443010479113,"B"
15763.3164425325,47.7169814847025,201.231531266154,"C"
15562.9712400615,49.5695971443927,199.789754140673,"A"
14713.9524443955,44.4353600154885,201.897400767253,"B"
14428.3538216079,47.052358733034,203.348962876771,"C"
14796.5139775679,50.9754152175384,198.847809619298,"A"
14898.0094853909,51.3737522128617,206.62253564325,"C"
16219.5733508638,54.7881487441386,198.427810665093,"C"
14262.4913653017,46.7260196933424,199.496093108183,"C"
15487.1843013752,48.9526485105284,199.15495044078,"B"
18970.9572785792,57.9571399813437,199.905238458571,"B"
16277.9502536571,51.3322151444254,207.306174921433,"A"
16206.9332507231,48.6094373386194,198.884474002995,"B"
16933.6455160224,53.4298602633609,199.701688003601,"A"
16901.1168348165,52.2425695917329,190.453234123261,"C"
17554.8157491037,56.3051741349165,198.423079343876,"A"
16967.565368118,54.7534171170151,202.183712766593,"A"
15885.7190509993,48.0157280359023,202.112137082604,"A"
13566.1450666878,44.4735389368964,202.345829588936,"A"
18687.1351137527,53.5147229931886,199.527618133246,"A"
17408.9176525544,53.8775013139685,196.129896627814,"B"
17934.4206852867,63.0506326086309,200.692603485009,"A"
15804.72794127,50.6527668315758,200.027165883418,"B"
15089.7756757123,49.7146453958172,194.672520558739,"A"
16615.8024714361,53.0394158552639,203.693704626433,"B"
17515.2954022603,52.6801377415381,198.949118491951,"A"
16262.8433526212,46.3813513693573,202.869355241915,"C"
14846.348198549,49.0082517224596,199.701807372649,"B"
16529.809755082,51.767757311056,199.508897773448,"A"
13687.9066128922,48.7752770926562,199.9806360863,"B"
18153.4832368267,57.5887534528806,201.25024730449,"C"
14726.9068912772,47.7950326980431,198.103437269025,"B"
15033.9905899661,47.6829318042147,199.723079689577,"C"
16065.647748145,49.7264147223583,199.670534436227,"B"
14522.8031373182,48.3341960473657,202.597862016822,"B"
14302.3804606252,43.61172990948,199.258259173771,"A"
14234.4913386221,48.3095935537175,199.782448258947,"B"
15510.6879094165,51.5635327328391,201.295197282178,"B"
15742.5995900534,48.9329746422172,192.82642288896,"B"
17130.7350689661,50.2046405387384,191.469187589979,"B"
14672.719135798,46.4736210215954,200.742737012338,"B"
16973.9209132199,52.9294767816544,201.523383108887,"A"
14423.2761887245,50.7944354130554,199.944341453883,"B"
17216.4389570428,53.1574942523578,204.412285035496,"B"
14241.3910722092,51.0271274387603,187.123485612615,"A"
17590.2969939889,55.8907921914298,200.175349746653,"C"
16187.0888274285,53.1622404720491,201.002542824077,"B"
14745.0723698225,51.1382455864256,200.14497014033,"A"
14884.2285665629,48.1872115868622,198.533210338431,"C"
16826.9972347685,47.2525993197344,202.155457939555,"B"
12595.0492284178,47.6656598428568,204.05853913799,"C"
14314.0997092273,53.1612803674945,193.657674072128,"A"
16488.3555416902,50.3849815945799,200.77680601174,"B"
12073.1659143699,40.0861131277595,201.928173699524,"B"
12578.6170002064,46.3398028440749,200.98776814211,"B"
15273.488679932,49.586125696825,204.021029083868,"B"
17107.5034773505,51.9646811022089,201.113992677932,"B"
17105.5777319985,51.8914673757226,201.848789032863,"B"
18571.3412502698,58.7989346540015,203.351322199281,"A"
16487.893274408,62.3055643001965,193.933036914783,"A"
16655.6323291037,51.8478451821432,202.588543215195,"C"
13274.5904459925,41.182579075337,198.128092710758,"C"
15945.5434943473,48.4634801987943,201.274854810855,"A"
13061.4540803756,41.728346126605,196.586960551416,"A"
13509.524502992,48.1913724774054,194.505159342821,"B"
16526.793972379,55.3504895343793,201.66016038938,"B"
19938.1287972015,67.3864393687746,200.553269271144,"B"
14464.1236625147,48.1356699652468,197.760047543719,"A"
15665.1205726856,51.1938843717455,204.016478082911,"B"
17181.7365135005,54.7281541705477,194.143708102805,"A"
13598.7834577332,46.5021767973277,197.305378275156,"C"
20474.3605132814,59.5334655815955,203.879609620629,"B"
14783.0803115605,46.9572953831959,201.536934287758,"C"
15033.5694368281,48.1896976117091,194.561772538612,"C"
13901.7646345474,47.9279918041606,197.182988314242,"A"
15708.9042679138,40.443908466766,195.230894895508,"A"
15446.711432035,45.2660990644945,203.831450098563,"B"
15751.1843461333,49.4258335527202,198.16064381991,"A"
16243.4300854711,47.7977275167903,203.110414817554,"B"
16732.6152118722,58.0783491571104,186.191156501823,"A"
17766.9213738736,50.9619534088928,194.883018630555,"B"
18317.5860939734,57.3914185785365,200.78410847133,"B"
15189.0858680784,49.5431259038414,200.006148428918,"B"
16839.5529585319,52.5832516534565,202.18970549674,"A"
13922.1328041274,48.7303521401333,186.605631900717,"B"
11177.3054045891,42.1151029672305,203.164967286469,"C"
12823.9502696724,42.6929820289562,203.725767965947,"B"
16154.0830566133,48.8018099253955,201.691320501637,"C"
17602.8730164713,57.1257324977293,196.49921285116,"A"
14880.6885323193,51.3248245033357,192.908501857419,"A"
12723.002855474,47.4608844044527,198.600054318886,"C"
13704.2325182077,45.592461365961,201.804674702338,"C"
16350.8053106967,48.8978386594057,199.48817076986,"C"
14827.971605901,49.6382796310917,199.37839092078,"C"
11292.9563846428,48.3039093994065,204.673581362192,"B"
14838.5746641017,48.6671260175883,198.313472558724,"C"
19936.7278872628,64.6890646675365,201.51899270313,"B"
15939.999709391,49.0728422238306,199.706809749556,"B"
15886.9310379665,50.7496209835017,204.080333432267,"B"
14593.5451253508,45.2490792237909,202.827507752997,"C"
17038.5775248903,55.8271091199694,200.215030676964,"A"
15966.8851938919,55.1003132636239,197.215792206993,"A"
16390.2986237034,49.1847530840284,198.921385922938,"A"
17174.2987434443,57.4652554755668,196.226147688869,"B"
13875.6666877029,50.7458967070382,200.034982288052,"C"
13793.281910216,51.6392188355936,199.480513582121,"C"
19956.8654032444,63.5828839999993,196.514495764806,"B"
17695.2636265755,55.066548933243,200.838118658845,"B"
15837.0694408228,51.3299985860733,201.843352322008,"C"
12240.0523130666,50.9458993619603,192.926601641233,"A"
22214.7860702016,66.2890516504676,202.680922444943,"C"
18856.2906069928,61.4406909707435,203.519682420156,"B"
15604.177793014,51.3307262972446,200.529619684004,"B"
16641.9342857682,53.3952705492271,202.596672125045,"A"
12575.239199057,41.5015319319923,195.395331086967,"C"
20253.4030642205,61.4220722955451,200.722214957116,"A"
12889.7358947394,44.2669621035954,196.164968155149,"A"
14420.5968530571,49.7382835175941,199.824906635206,"A"
11763.9202754024,35.5657904120565,201.527131830678,"A"
17057.1835535761,52.084126432957,202.110021501694,"B"
13320.9275841298,48.933527559748,203.329410194199,"B"
17707.5773036932,50.2509305853577,205.836155552852,"A"
15347.0347011005,48.6102218398052,200.137823886775,"A"
14635.1036336236,47.4975605370629,202.810634247481,"C"
19767.0207705261,52.2871152662166,206.888904010282,"A"
17122.1053594661,52.5602590270591,198.021862147269,"B"
14581.7780385339,48.0906988645602,199.985545104159,"C"
15016.5296809412,48.1718166532776,200.796528530295,"C"
15242.9784640499,48.3825843368419,201.883803738,"A"
12117.8342124513,43.0900765269301,191.085025963614,"A"
15890.5260615194,52.1472868531594,199.409773294076,"A"
15987.06506041,51.1602832115552,200.481100219674,"C"
14955.7077471754,48.9213928568967,200.876740982524,"B"
15692.4431153233,53.0771607927768,201.315980727035,"B"
15020.0896287515,49.1400391365407,199.663095279404,"C"
19420.0026262852,61.5801340947679,195.746519155216,"C"
12901.0514758683,43.2460146627995,199.365195732288,"A"
15496.1779600925,49.4344058527027,199.639731563904,"A"
15408.3769278491,49.6019814072259,203.805385257603,"A"
16902.4967577011,55.9774649019044,200.363003501154,"A"
18349.2617527427,56.0795878824327,199.984700281265,"C"
18736.9720541178,56.1485833882493,202.504577741215,"B"
15574.1081702644,48.9885732878828,201.073218962248,"A"
16408.4479653852,55.4888316377284,194.275785871278,"C"
17810.4457580743,44.2425404863657,204.383225578258,"B"
14046.3418157563,51.5600472712999,198.843759315582,"A"
16233.8863320554,54.3708110299995,197.30089170971,"A"
15959.0799640372,50.1932975140674,200.690048935419,"B"
14005.2333626414,47.4295745586709,203.338334188322,"B"
13528.7299349568,46.8715973124796,191.837215806828,"B"
18078.3302292745,51.6852687024747,203.11318109797,"B"
16624.3390359519,56.0287039915545,199.738382427555,"B"
15318.9661845661,50.3837253066593,200.634518551342,"A"
15025.8405610683,48.9950450102752,201.099578656391,"B"
18945.5784813191,52.8900260763278,205.950012917161,"A"
14588.3795911001,49.9686322579727,202.111187814434,"B"
14482.74921879,49.0617257420871,196.918116195889,"B"
14405.5823770145,48.2590148252233,200.999896592406,"B"
15881.7488810202,49.7682950975726,201.236141172738,"C"
11651.0718257066,46.2520892056824,201.486590855094,"B"
14912.7616462581,54.3134452743281,200.310768712947,"B"
17357.9322056021,55.1719615960706,200.122555038091,"C"
16269.87931357,51.6553438788488,201.658088096861,"B"
18298.3377086529,58.7434877399333,194.81683434034,"B"
13498.8995846545,49.5651102895505,199.538090816969,"B"
20555.0860418305,61.1898307745896,203.556236375904,"A"
14949.8887021709,47.1656838839937,201.285934482286,"B"
15870.0920118089,50.0915873180112,200.186123542409,"A"
16043.4162547645,51.0747492007657,197.5562191695,"A"
11583.7691933961,46.8933958626225,201.026418445329,"C"
13685.7884005754,43.9261298094914,197.12999719238,"A"
13920.5156964952,45.2877297348334,200.087203230069,"B"
16048.0222539128,50.9599565793611,200.813410743337,"B"
12188.660557031,38.7268278417361,200.600758201496,"B"
15163.452034775,48.4087709343195,198.756188698414,"B"
17662.9915371769,51.237825123949,205.951160053007,"A"
18683.4614979841,57.9839670195283,196.993835995909,"C"
15639.2859038149,50.8331594311071,200.273427263412,"B"
14408.9100558944,46.2529992070993,200.00995207334,"C"
13334.8337873688,50.3587752167204,192.263751978419,"A"
15914.2283195427,53.435890737431,203.512801104476,"A"
15474.0557381379,47.7070657123224,198.854979644498,"A"
13593.4508844379,48.0080792046033,200.036067041513,"C"
14601.2026734529,47.2218041709998,199.318352026595,"C"
16050.7486042862,48.7896104817302,198.613602802085,"B"
15591.2039833715,49.853844784305,196.151503906131,"B"
14491.2695314922,47.4609933864004,197.44705740962,"A"
15163.2358896203,49.1924554340728,200.373264972597,"C"
15080.3070163566,48.3894793694365,197.457403494353,"A"
15446.8579283401,46.9129448585286,202.202446878382,"B"
16763.677982483,54.5106114153763,202.099509439641,"C"
16347.4534761425,52.3493223519016,204.216113798752,"B"
14773.1732444101,52.1078748359069,200.542249613801,"C"
16344.9341671442,53.5729134960044,198.322112207268,"C"
13234.8292813272,43.2740393046249,198.047666168011,"A"
15690.5214824177,49.4830641558682,201.847017463079,"A"
16017.4282539955,51.1685207226219,200.844879045007,"C"
14672.9499933719,48.5151501717932,199.709140748907,"A"
14354.892838359,45.9138104532987,204.327130844125,"A"
15614.0167896252,50.348880802727,190.158340743323,"B"
20800.9692802676,56.4644860819557,202.643483362755,"C"
15120.7364537675,49.3096715566462,199.544009904587,"B"
14623.4231590914,46.988272114045,201.39426390565,"B"
17474.2973495089,52.7500810764448,201.55682776575,"A"
14892.1282635077,51.0849226927711,207.433791812064,"A"
12929.1845217775,52.2369485874117,198.872541375913,"B"
13215.3791290737,44.3332251728399,200.57495947728,"B"
17759.7369874762,54.5526916879953,199.987297345593,"A"
14488.5398248371,45.5164303934416,196.322025735485,"A"
17178.7455165772,51.7985680082139,204.708015736906,"B"
14767.4932175499,44.5615706106779,201.319904075998,"A"
17204.9556757492,55.2623750676453,194.942985109424,"B"
16126.4803760299,51.9705658595635,199.128536500511,"B"
16077.0806537264,54.0810150131025,197.963853014688,"B"
14529.9831790373,44.0465439819181,208.338220421767,"B"
16425.3730226481,49.3562703661573,199.724047922245,"A"
12696.1231233768,38.1959053860013,197.565124831052,"C"
14740.3179212439,49.6032534098453,199.746763136866,"B"
13146.8990284312,44.014512301009,196.279969208728,"A"
14834.9264363191,49.7501018576706,192.88585768588,"B"
15811.3330106193,50.5686126436428,192.376078334455,"C"
19382.1386940067,62.9124642217436,196.822874532794,"A"
14898.9457400696,49.8797207438095,200.653334686037,"A"
17010.5995447021,53.3524614025477,206.639827982442,"A"
14992.353805239,49.9240223205911,198.267845942787,"C"
14087.2646387535,48.6026673121037,201.03118397529,"C"
15202.1734169532,50.0145086257937,198.279870763927,"B"
13955.1131491794,50.8710871606156,198.91823416792,"C"
16443.8176433845,55.3265397375902,201.011168289358,"C"
16105.4707349939,56.4272867775855,194.780669747812,"A"
16523.6191656234,47.471984854368,201.589736311547,"B"
15083.1841932466,42.6942811034487,199.1419293678,"B"
14339.2129351128,48.4139380233286,199.71379640373,"C"
12659.7578247582,38.7467680324452,202.926168861966,"C"
17156.2537366994,55.015172291336,196.706504713242,"B"
14727.6660719075,41.3633098608557,201.991832440635,"C"
15237.9442134432,43.3599646368087,204.671765582486,"B"
15044.4960005025,50.0661261551034,200.266998030349,"B"
17166.6821574929,54.0822852965898,203.465285382487,"B"
13092.1160431109,48.1868585632494,187.600401987872,"C"
17487.0445611496,50.150134636607,204.302113663247,"C"
16532.6775940392,53.4652912587957,202.978792843132,"B"
16876.7036702747,52.6572944347742,199.454508179701,"B"
15217.2978929616,49.5076145058658,200.817263391931,"C"
12710.3791241757,46.9499545262907,198.926581969492,"A"
18081.5017823633,54.0646106486825,204.907875868058,"B"
14672.0665466611,50.1538973607158,204.705863357688,"A"
14136.5657878859,48.4708083321327,199.733839040539,"A"
16357.9331496329,52.1420250044801,193.870371577779,"A"
14333.2475839591,48.2585145340799,196.979122986926,"C"
12971.2185246336,41.7628783250966,202.736137162204,"B"
14106.9450650861,47.8634592891618,196.367000206059,"A"
15491.6704184981,50.773978504928,204.295940625656,"B"
15170.3609731419,48.2231888460692,201.908437193439,"A"
15953.0711166488,52.4757974885847,200.742479220041,"B"
16142.5016034342,49.0780803877523,196.918466717072,"B"
17802.4703329795,58.3544599235983,200.543390028212,"B"
14328.8998296399,48.0022098325315,199.679228699967,"A"
11886.688644704,41.328784375185,197.905469271293,"B"
13567.5789527831,43.2430378149731,196.372562785709,"B"
14151.5351220294,44.1822137357881,206.274625226757,"C"
15922.6398280916,53.1475923259086,198.714226893407,"A"
15438.051624664,50.2384307143766,199.84522233557,"B"
15748.3251238212,48.7588659370353,198.457179152847,"C"
15262.4984034226,46.532026882779,207.323915215116,"C"
15020.6092064156,50.6690649208682,204.56765260218,"B"
13280.0868333599,46.2311973602401,193.704671800924,"B"
16184.6973920591,48.4001188371624,201.140708418011,"A"
15377.8136540371,53.065960404914,196.034410848808,"B"
14328.4784706592,47.9601445201939,191.216326919338,"B"
15452.0919973255,51.6463735757239,203.916665784576,"B"
12866.9304112608,38.9907173095335,199.488926052287,"B"
14915.1729370169,49.4360904086578,199.202035740278,"C"
14233.1869420982,46.2354201551903,200.838199959919,"B"
19032.2708726424,51.7355902249102,198.959894729183,"A"
14151.5079163277,48.3783495257182,200.133650635485,"B"
12987.3497163215,43.3349254593856,196.251434890496,"A"
16266.7643664437,51.1911090232035,200.554505893794,"B"
18342.2959860303,57.4227082423559,206.582355239836,"B"
19667.023186894,54.2570469943898,214.254403985335,"B"
13027.0151353666,42.4543612190148,202.868521861566,"C"
17560.219254646,53.8080305880632,199.797392393818,"B"
16497.0910403225,50.6120327126094,198.254731633295,"B"
18165.8743691424,57.6516389193153,200.952510860369,"B"
18343.5847858416,50.6564098044595,201.257515640165,"A"
14809.2760202164,52.5570304651668,201.986031145833,"B"
17080.6772782356,50.3476732910532,203.61981691806,"B"
16549.1808821689,51.5529992713025,198.273655448885,"B"
15830.6480970478,50.7348358774174,203.907153575477,"A"
16300.1866892589,46.9379172717705,204.085841130457,"A"
14022.0269768226,51.6771711242916,205.172140379619,"B"
14559.2951455386,43.8348072711133,195.048118667607,"C"
14783.8299162927,49.1862406145032,199.982225087967,"A"
14909.8553933502,48.8193177011848,202.339742619486,"C"
14068.6606961352,51.7660085581698,194.379247570299,"C"
14711.1282257543,53.0397788907708,201.626163342846,"B"
14623.9479154649,49.6114526845684,199.175056841677,"B"
16214.4202873553,48.8296287751838,200.037279083,"A"
19170.69600644,59.9172504402896,201.630490094564,"B"
16124.7358585261,50.5513917937076,194.309336517299,"C"
17126.5345170967,47.125585036645,203.411665591338,"C"
14809.2535128388,48.9146934313003,200.903670073059,"A"
15909.9095079478,51.3117461150064,199.108117121094,"A"
16446.535606665,53.4553201815201,196.047867420776,"C"
13908.0212003451,46.7792433954118,209.271755569213,"C"
14805.6817387848,43.6293745045005,203.715213248443,"C"
16044.4214161283,48.985540854178,199.820943135507,"A"
15607.4718841852,49.1292607640095,201.13021455767,"C"
16097.2276933226,49.0555568831061,203.902122333917,"A"
16092.1447216104,53.9687658942425,208.856907474187,"B"
13144.3807200902,46.6183571191003,202.724672313479,"A"
16027.5716998074,54.5099874169298,197.755895436903,"A"
15751.0429632718,49.197202572929,200.135449388194,"C"
18146.4886964742,58.844073338984,199.950196190862,"B"
14308.8034776909,55.5823821210862,207.064879934105,"C"
14207.4040153311,47.0087805424289,198.418590955738,"A"
14051.7266659831,43.0486574333242,193.682557998843,"A"
15967.6817735931,51.4935198351945,197.298934265389,"C"
13387.7975944847,43.9507763688547,197.612553498671,"B"
17831.4931503466,54.917642954422,205.043510448925,"B"
13245.977959766,49.1134939025464,195.985736902939,"A"
17865.6763140801,58.6925944320246,205.358048601789,"B"
17049.4388596294,53.757892751961,200.191835740261,"C"
16271.3189893746,51.759074644143,197.73864090401,"A"
22383.6983310166,56.920353277622,205.656057646675,"B"
15514.8156026983,44.6689264412515,201.435103552429,"B"
14946.9728033528,49.2156262065484,199.142236391842,"A"
16540.7971207308,52.0687535853693,200.088761580234,"B"
15875.490139247,47.7517721138444,205.43511161653,"A"
15454.0779518005,50.2289955522711,199.98935176372,"C"
13474.7581883179,41.9266530399483,202.409521371619,"A"
15650.2726459266,52.2386038393324,205.655296690764,"A"
16047.8267522488,51.7428746490308,199.197987587891,"B"
15840.3400845616,51.262555149265,202.300929426024,"A"
15887.2350575686,50.6729357233269,195.70742640101,"C"
14458.2377590173,50.2841344173569,194.143004537896,"B"
14286.6729941325,46.1303093591748,194.793200183258,"B"
16648.4637854737,52.072103714814,201.67701349109,"C"
16585.029359519,52.5389882549787,199.538907284134,"A"
15705.9131917146,47.6321323192521,201.968667715098,"B"
12857.4245236589,44.5240666702841,205.803303391563,"A"
15184.9584772255,47.1265243572053,197.99905099529,"A"
16681.9588926001,51.5544243335404,200.522807999462,"B"
16579.8610862917,52.4793139294702,200.853495417402,"B"
15841.5423233016,49.5675246232847,200.232773797728,"B"
15821.4157016479,58.4053851956782,199.123353839583,"B"
17464.5213726992,53.6252283843045,197.588399911399,"C"
15341.253046072,50.041228205147,200.056547238273,"C"
14132.1444153345,47.7960056995251,198.825093732987,"A"
15412.5163451855,47.0891764986278,197.821283055583,"A"
18602.4035921598,53.4802924043804,199.616348410584,"C"
16667.3066271756,51.9923326234786,199.801696669405,"A"
15154.5903750134,48.7718341837175,200.675935073454,"B"
14915.7285811506,50.3822297095636,197.639894156901,"A"
15117.8831261873,50.6478353520818,191.139576319074,"A"
18947.1381328721,56.8387235122388,195.549752200283,"C"
17275.7728742719,54.8005453603288,204.254137985978,"C"
14308.7591907181,48.3395084405829,201.317337822507,"A"
13195.3087395122,43.1944226775343,196.144613920282,"A"
15902.7177840926,53.8706163102893,207.764800411445,"C"
17536.2109845664,59.2197956986152,202.801590968256,"B"
14908.6774219045,45.0230179682315,196.403148400691,"B"
16233.4287363316,49.6460248590949,199.952363731496,"C"
14090.846979579,45.1555223831191,199.742104422685,"A"
17162.9512797645,45.1848298000616,212.599163282593,"A"
15973.4085231501,51.1744839209257,199.016416552727,"A"
16360.204289794,53.8393460580937,197.226121468595,"A"
15803.760478,50.1224939797442,198.8126624073,"B"
15203.063583653,49.7650299188971,195.2507412342,"C"
16816.8651949706,49.4966476687045,201.13546788741,"C"
15376.7823122195,50.4736718178045,198.772562823351,"A"
13128.798120055,48.20920818015,201.027572698408,"A"
14884.2948043355,48.0524236728095,201.690945280843,"C"
11670.213033883,38.3296842426689,198.767947027945,"B"
15908.599203752,57.1025869160736,203.001192837908,"A"
15999.4062896757,49.7989127690085,198.597178299971,"C"
17525.4388553785,53.2043032937875,202.338746376721,"A"
17082.720703353,53.5008563633709,198.946107263368,"C"
18402.6558641636,60.8921052099522,201.566817983429,"A"
12944.3338088208,46.9472949760726,200.237380356524,"A"
18448.2364068319,48.6944128226853,200.002635168831,"C"
13659.9967755114,40.3092853557364,196.740860614249,"B"
15956.2681283782,51.2036470640295,198.095567439189,"C"
15181.1310032489,48.3532860279917,205.783530198455,"B"
12383.2102740544,48.341137276113,202.612779636647,"C"
15048.296060468,48.2010524893786,199.446213916017,"B"
15964.9887996076,47.8030427385338,202.92959938861,"B"
15770.2050974014,51.7245955383848,200.192676997692,"A"
13887.230773137,46.8249316810616,194.832192358775,"C"
15599.6983492744,50.4910030411127,205.623607105861,"C"
18100.0519775505,55.7012526549885,194.717983494119,"B"
15659.1504872472,52.0302769997157,198.351144858251,"A"
15286.2690138274,50.5656618328476,199.316180792954,"C"
14894.591936156,45.638578490769,203.544954504602,"A"
15079.8622134271,48.7339680346415,198.510889365816,"B"
15407.9348514022,48.1908286425418,196.770352191252,"A"
12024.2514392986,38.7438188346561,197.870106533254,"A"
16056.3992054141,51.5508981229321,201.443923667854,"C"
17006.2757067291,54.9945492422003,204.516112719586,"B"
13222.9250809976,46.2853693924167,192.76741609948,"B"
13325.8420847442,48.242191630073,202.905065562085,"A"
16436.9757102639,54.6750997971812,196.952467997645,"B"
15055.2811423513,48.6551100036345,198.702860496641,"B"
15763.8961676292,51.0522771614418,203.370524956657,"A"
18695.7948835847,54.5181682940567,199.627842204941,"A"
15569.5262677798,47.9559700179002,196.7048515351,"A"
13875.041689311,46.3258354490099,203.430554530975,"A"
14955.7814545021,48.7509423311559,198.373913085888,"B"
16860.3230175144,52.8639211167052,203.917287480879,"B"
15903.0680986252,50.1996384175589,206.002774085464,"B"
17581.6151086996,51.1636708890341,199.543903714257,"B"
14595.9519575196,47.1952413290609,201.425347911308,"C"
15861.4317497529,47.7143663256891,198.891589712708,"A"
15977.2153839944,49.670804670339,200.398256827887,"C"
15266.8984646702,48.8871474373001,199.264121230795,"B"
15363.119430012,52.8733861526976,200.764620799451,"B"
17034.7791196274,56.40199814706,198.574120323115,"A"
16820.6717909775,54.310840324458,198.56787517611,"A"
14472.208984462,46.4724045214688,203.201410684702,"C"
19400.2990820992,52.9060223534561,208.537373104514,"A"
18902.3439829873,52.9098035546617,203.151849611842,"B"
15169.3288811795,54.2322107795692,196.267190541705,"C"
14645.9460508673,48.4359677400235,200.674533941986,"C"
13066.2813627608,45.7037132391383,194.082205917176,"B"
15388.8583757063,49.5757833636365,198.558358129828,"B"
15629.4242994973,48.659128837292,199.221482320601,"B"
10292.6961114757,44.0302248704152,204.520420283516,"A"
14816.5108997655,49.2565582377997,199.018641066684,"A"
12538.9318128697,40.9436370435151,200.501825183423,"B"
19406.4328775315,55.5364289584583,204.90231512347,"C"
14021.9155098066,47.4754907834153,200.543838253171,"C"
12051.5347355677,35.8074556134859,204.767722550161,"A"
15742.4606391337,50.2972335569788,200.291405448387,"B"
18815.904610003,59.0598922093283,204.517311492564,"A"
14675.8502825093,52.051494273186,205.577073808836,"C"
14826.5813581983,46.643203422062,196.192165281,"B"
16102.5153799232,46.3582687327472,200.416731262454,"B"
15059.742067505,48.9185987450385,198.354220350742,"A"
14502.4796252514,46.3439736404675,198.978042502364,"C"
17898.0816594337,50.0418154977199,205.272345377735,"A"
18504.8030759091,54.2443635468099,198.948414635883,"C"
13947.6432617189,43.7469418270981,202.940841982665,"C"
16530.0506066292,51.5208190210873,198.967367424655,"A"
16198.5317420832,51.7660286018011,204.801490698202,"A"
16825.1210561566,56.894753879291,202.183299645007,"B"
15067.6866257628,50.9897492768081,197.588293281213,"A"
14259.1668487303,49.6243720694809,202.612047622137,"C"
15576.4855996941,50.0706059927236,200.795404608555,"A"
16828.5654647629,53.0268152409893,201.327191931048,"A"
14015.0740971078,45.7871868715305,202.868276581651,"B"
18524.5194118753,52.408965491756,205.204568500801,"B"
14118.1270522068,45.1836850701155,200.850332689219,"C"
13038.1929725502,45.8991436776019,199.666633531729,"C"
13702.791710927,44.687580233315,203.954504038882,"B"
15653.8545958306,52.7392486906605,205.867997668587,"B"
15381.217813691,46.7898667850192,197.745805402124,"C"
13004.3560819545,44.1016784204889,197.51114068274,"B"
17194.5920586062,50.4261273354065,201.445535541428,"B"
14018.1389138858,45.777713655085,202.278641764129,"B"
14274.447483322,47.4099025407092,201.22275972104,"B"
11074.6533046036,44.7036700067383,197.236228758284,"A"
17302.6397092244,61.8399019756185,197.748646314799,"B"
15243.993914346,49.492049154589,201.154537912799,"A"
18361.8982259896,59.3646020685098,201.631229252935,"B"
14775.8429420605,47.9160373551611,196.526889636782,"A"
14104.4436215808,46.6589633320111,201.126070417308,"A"
15520.8920453423,46.7346154537102,202.955258883131,"A"
16078.6953690817,47.4750495036118,201.185131864984,"B"
13632.8858655651,41.5699602545765,201.87039319328,"B"
16261.8239680089,46.3689583426771,203.943759517564,"A"
15486.9029393157,48.7486079408711,199.659290072379,"A"
16255.9990140982,50.2869029640935,206.04434646857,"A"
13666.9421601398,48.2476613229238,199.841239299996,"B"
17101.1234299822,56.4204521797925,203.23023276468,"C"
11365.2718294149,48.1746785011149,195.208967184007,"B"
15655.0708829493,46.4911567793868,204.855610820446,"A"
18787.5005333903,58.3642143116629,197.496530093456,"B"
15728.5162202002,50.1569511785336,199.808910445422,"B"
14097.0495685893,45.7480416521101,199.499346643694,"C"
15012.64357961,52.2780645380517,190.487035487904,"A"
13326.7061851716,47.2837865178934,199.584563706952,"B"
14891.3738545215,44.3420811459404,201.202763105358,"C"
16315.5131982336,51.1903928103589,199.213818920611,"A"
16073.9103432453,50.7866158077374,200.885428267841,"C"
16673.5383916897,48.2842505797138,193.558038863455,"A"
19857.8066922428,53.6325824154262,200.935926759975,"B"
14680.1495326487,47.7772066347137,201.319953312035,"C"
15470.8991063525,47.8014224525084,199.341267072746,"C"
13705.6682477156,40.6125107219712,203.174804262474,"B"
16179.7402158488,50.4393071390955,206.850266416928,"B"
12690.966636085,45.7481349675737,201.473411351227,"C"
17920.4398083744,55.0135863381678,198.84983205649,"B"
15167.2021055813,50.9161733293876,201.690432051084,"C"
14423.4402779725,48.5224051756814,199.602771083253,"B"
15717.6045350339,48.5565252180707,202.710463238583,"A"
11209.3458165366,43.725513479451,202.023640465996,"B"
14101.1283997878,46.2900302045229,193.723383623996,"B"
15901.236823184,51.1999617492443,198.238602025974,"A"
14063.3355872209,43.3427901103828,202.878140166191,"C"
17613.2598692867,50.0382908713548,212.413812789086,"B"
11976.3562274808,47.4951353810262,199.069460158246,"A"
16360.2560355228,52.370378558611,200.696780023388,"C"
14407.9492608624,48.7394230714221,200.189071014557,"A"
15145.1732530389,48.5305831363601,202.194549810924,"B"
13829.5417813342,47.5434420856881,195.784457592067,"C"
14051.4031265663,42.13051728926,200.429298840692,"A"
16221.437694822,49.8006712882093,203.760194912892,"C"
16790.6060207823,53.1959865876959,200.60925579238,"B"
16614.0612783342,52.9385118563352,202.405145465378,"B"
15549.5143648424,55.207604805356,202.66333805445,"B"
15146.7234098974,52.1796345925264,199.719011682674,"B"
17656.0821142863,51.5455337856725,200.959342208689,"A"
14358.3833313936,49.6694137130698,197.069692438028,"B"
16793.488170176,54.301263747823,201.82528671464,"A"
14571.3701903519,50.4102047864356,199.452147360641,"B"
16206.1361371389,58.8998046417794,206.180469444482,"B"
15211.4338576253,47.7413410402332,203.424036243753,"B"
14564.0212695818,49.0496758539789,200.02126186095,"C"
13961.529829733,44.5956002016595,195.414119348595,"C"
15030.3085455473,47.1575646934346,191.527563808396,"B"
16260.9653616389,58.0192956661104,204.441904410837,"B"
13604.7679824874,46.8458740775382,202.412984479654,"A"
14870.0257711495,49.2288003852288,200.886542493798,"A"
13841.6834324023,46.1230282210746,197.534450992819,"A"
11559.4716557821,43.4721887552559,206.090851719008,"C"
17466.9378718961,53.3856859517517,198.450102193057,"B"
13723.6124491008,40.6188411984065,203.993344321355,"C"
16042.4488961388,50.8123065613984,201.092108053543,"B"
17957.8789139845,58.1959742640018,202.756483184346,"B"
16365.1090740386,55.3237523213046,198.252908077432,"B"
13669.7129895305,41.591764852493,204.307227311777,"C"
16136.1665136345,55.5963385094995,201.446760760447,"C"
14834.9159369419,49.6295574607903,198.196863904866,"C"
14495.1144339491,50.2991468421139,197.251584673588,"B"
17628.04570759,51.7224988842527,199.152760460127,"C"
18242.6925484756,51.9703240051297,197.410696201666,"A"
17831.0032246934,53.2699531004736,208.052461437376,"C"
15200.7030644809,47.592564536301,201.193336596395,"A"
14823.3636432844,47.8641294411684,199.167494855063,"B"
14233.4979100036,50.4256960118144,201.697175742757,"B"
12926.7064254515,43.2270313838452,202.987591696112,"A"
13900.5604660403,43.9094113188732,194.719393992281,"B"
16181.8219457514,51.0010609264041,198.871017329347,"A"
18524.2970975577,60.0605960492782,199.430801027535,"A"
13734.7053688753,47.7516185698323,195.309618833348,"A"
15536.3039768989,47.036833654008,202.832501464088,"B"
15816.3479822712,45.2830911378973,200.80941422342,"B"
15822.3892136786,50.832611760334,199.256444753804,"C"
12356.2683104861,43.7660454057692,195.740342172151,"B"
17936.5306208008,48.5059518263742,203.925555194294,"A"
12066.6387702022,48.313771193098,192.567826097239,"A"
18440.2143703764,57.6886146362672,201.47257450714,"A"
15040.1419852676,47.7489211034916,200.013437494328,"C"
16032.9941731779,51.2239148441994,199.466202847515,"A"
12769.5944143964,46.1351032515042,191.723718680271,"B"
10002.9403679039,41.3451905917859,202.664853423272,"B"
13888.8327371183,51.0227319595925,199.029991823158,"A"
16223.3470725569,50.7481242485953,202.499820959103,"B"
16227.4598046912,52.465320615633,201.7906971951,"B"
13601.7525979775,48.8592789780036,197.556091558758,"B"
18071.2372337594,56.4759618364878,199.996423222617,"A"
12690.5840343406,44.6971093532696,194.469885174866,"A"
16222.1981629538,49.5932350907026,199.611208134075,"B"
18356.8745537859,55.202201801828,203.837778175459,"B"
19491.955153652,52.1883285245391,207.010658455556,"B"
16383.4043373026,53.884127244432,198.378832049078,"A"
16071.5015176142,50.0691608493654,200.969702386154,"A"
15242.8009160299,47.5563718277007,200.52493614135,"B"
14440.980514965,46.4806465856421,198.912337801733,"A"
16566.4352206774,48.033780174054,197.550651677091,"C"
14562.4970649318,45.9405769267296,201.984428362937,"C"
18451.0643352899,56.2097592755605,201.06204296844,"A"
15681.7830262915,49.9372097315798,200.135142359452,"C"
15509.2036139876,50.4915086619963,196.039168925322,"A"
17553.8953380999,52.7128534442975,200.769235991997,"C"
16111.1760278511,50.0315090548163,198.235666894996,"C"
13495.4512550121,48.827698119463,196.75809978712,"A"
15571.5665215587,49.8672170146026,200.908457669585,"B"
15039.0766091794,51.0867631326876,198.161401422492,"B"
12045.7403303555,45.0604466551248,199.066790743342,"B"
14041.7181154868,47.8579948528499,197.754121533405,"C"
12921.1291355912,44.9331019010252,190.121381379424,"A"
16628.4616392471,52.9103051365645,199.677540690865,"A"
14711.7010534072,50.6263282404072,197.39595069244,"A"
15367.8255921179,52.1877810964063,196.222593931736,"C"
11632.7760760158,46.4913978822885,199.066946742258,"B"
13347.5021667855,43.7308592642163,199.644064976749,"B"
14513.059396407,48.3836695664428,199.661566453104,"A"
14836.3595949934,50.6657004988317,198.80641434669,"A"
15841.2916971992,50.9163587229544,197.610887589812,"B"
14426.004714377,53.4678230732256,198.649469923836,"B"
13354.4587584578,47.3547544968361,200.484441708565,"B"
13896.8398852304,50.7171817672983,199.93530822086,"A"
15157.8060944067,46.2689368397326,198.250773852545,"B"
13790.9795074592,49.2428922512921,198.463043370415,"B"
17107.4612409028,57.4952711292434,200.491893230409,"B"
17482.9515447992,56.3155874175177,198.48769728918,"B"
13836.3089976715,47.9493947734858,200.119839693891,"B"
13827.4411285092,44.1650378054351,199.046273857513,"A"
16708.6972143702,53.9301883375457,199.478815768065,"C"
13659.6264534527,47.7182063339989,200.95239966574,"C"
13820.627110552,45.952223044988,200.179498267462,"B"
14725.0222177223,50.6971459161514,200.728653801114,"B"
14042.9934124977,44.808657056706,204.217094247354,"C"
15359.1213332289,57.9605616060405,188.76752100749,"B"
16861.6210493061,53.0322983732301,203.038947827256,"B"
17843.8319395477,52.1211459736432,200.456733634434,"B"
14475.5560315228,47.3913514430197,198.916481692196,"B"
11425.63511756,37.9160537522299,196.63438803564,"C"
15385.4858681463,48.2299803106894,202.405092846157,"A"
13917.659007823,47.2007015312422,196.789468177683,"B"
12054.0612858222,42.5601234332035,198.744856818788,"A"
15296.948742829,49.5470131757165,199.5042540828,"B"
13882.6741584686,41.7451872587484,203.343020481192,"B"
13843.2528254568,46.5192485779413,195.743977294179,"C"
12743.9552535098,42.7971765460419,202.376179942692,"C"
16984.6919136926,51.1985479335943,201.590196936552,"C"
16185.8787329835,51.2823251598412,199.904950145041,"B"
16622.7646360302,51.5387927933577,204.100253794705,"B"
15503.566754017,46.137665128969,195.867508055709,"A"
17593.3132847219,53.4465977889063,203.702092433866,"B"
13330.1882917608,43.6487949792583,198.743709606878,"A"
16588.4207351468,50.6688265906422,202.228772492047,"B"
14365.524619144,47.0060074098129,197.265441648226,"B"
15989.8367574381,47.5233619952049,203.402101678237,"C"
18502.2425954864,60.7545989972602,199.399343490813,"A"
17734.2724917991,54.4664609650131,200.933613680101,"A"
16085.0019236374,50.643173813741,200.020323237653,"A"
14717.6567935981,50.6038113992737,199.598486200411,"A"
15430.6369103133,51.6618476044833,197.220136170474,"B"
13017.0369817521,51.2535639774667,199.314315474548,"B"
13904.5715313719,46.1392038230679,201.14717257983,"B"
15452.0680218267,50.8225366855194,199.655205108648,"B"
12134.3801350764,38.0298002114574,200.398766622849,"C"
11513.757643225,43.6370597320835,201.589389746192,"A"
12113.0823034823,48.6672079111955,200.763577956032,"C"
13732.674895547,48.7073835920994,200.921887469339,"C"
15683.3054088182,50.0814102888084,201.354108092813,"C"
13916.2378104169,49.4509149127276,194.279865511622,"A"
16831.0217084897,56.2823549183755,203.674593408246,"A"
16745.2882567305,55.0534459297595,202.343960984629,"A"
16948.5509987232,52.5381387783487,199.776939356923,"A"
15585.4318022393,49.7367031422856,198.637633466411,"A"
13558.6040648892,47.3792136780908,199.858344615759,"C"
16571.7151560555,48.9103772515179,201.783976044137,"C"
13573.6322243031,44.8416371853314,202.32423390098,"C"
16607.5886891623,48.8808675529222,201.981299450611,"A"
14922.4044780635,49.7447727615088,200.675373999517,"C"
15816.0762867062,49.8105671643272,198.843620413389,"A"
15306.9146945506,47.8127022482198,203.328952607421,"C"
13724.8119093247,42.3423863655393,204.851937830879,"A"
14782.3519185775,41.9804165768459,204.949884727693,"B"
14797.8641614905,47.9767035151663,199.402792452135,"C"
15184.5922736053,47.2922368955244,199.170131652968,"C"
16536.9615436849,54.8161971374693,201.494190495272,"C"
14119.2552672241,54.8267180499787,198.715457467769,"B"
16965.4829349599,57.6959327610202,202.295092489941,"A"
16451.8572963157,52.0055370381559,200.984417606269,"C"
16985.7954403846,50.0589595446486,203.477798526998,"C"
16849.6503861144,51.4159489569228,199.527365541399,"C"
12945.7772735529,46.8926618292684,192.909139398085,"B"
16744.7182137801,53.8147850001206,198.851514242669,"B"
15255.2292094072,49.3876444003091,200.365403444236,"C"
17148.3224363621,53.1183364985304,199.54670308776,"B"
16591.4452105278,46.9696004864376,193.632559868588,"B"
17819.8787145809,55.2850730326958,200.034375504757,"C"
16996.6382319678,53.0630902316284,202.740702710467,"B"
14872.6785407725,49.9266638920756,201.768149677825,"A"
14184.2123720458,45.0664860195874,198.910764711058,"C"
13081.3716430865,45.5845474429262,191.146519998136,"A"
18220.6987999372,49.128181949065,203.750620796533,"C"
11313.4264106385,36.8895934945218,206.04546045632,"B"
16481.0892189449,49.4309875357666,199.757578038158,"C"
14862.5689301989,50.2401636880634,191.70553623831,"B"
17536.2371091827,51.3509495624037,196.697910627691,"B"
18540.1182314447,48.7840949618644,199.222585803574,"C"
16762.212565197,55.4203186561012,204.16992916553,"B"
15489.8243935727,50.9303955919426,198.503306164086,"B"
15644.0425939758,47.2733206917909,200.142132813639,"B"
17650.8898001461,52.576260966436,201.029410648204,"C"
13676.1613646173,49.720060239772,199.47239053202,"A"
17246.167051973,51.2373808569938,208.435230508475,"B"
17210.0011085491,53.2916241811282,200.665619476946,"B"
14532.5717812448,48.024747667247,200.670244684653,"B"
14399.4110359965,50.1117192954785,204.690487322561,"C"
16507.8048090197,53.7814741272734,205.927281785917,"C"
15000.757966808,53.5070185344753,193.517984073581,"C"
14777.2521658339,52.0686511423663,200.935726660338,"B"
11422.6447912578,39.1161672866093,201.938691016968,"C"
15824.8601949924,49.512596242441,194.751242144274,"C"
20053.1022681801,55.3138302443797,198.940703473013,"B"
14965.5653280884,50.8973023856505,201.781868017226,"A"
15277.2324001349,48.0160208842118,199.970455999996,"C"
16817.9945564959,57.174932417249,198.31343973463,"B"
16162.0339568605,53.5600325053368,190.797730741521,"B"
11444.3472699498,43.3648131976622,191.517028603824,"C"
15199.0591370956,46.0207570883561,199.46509144593,"A"
14829.7832443302,48.3677504367567,199.469907593739,"C"
15387.7218378431,49.3278051207349,196.464987205632,"B"
18020.2166138544,50.637751589916,198.707317994209,"C"
14350.9713434772,54.0711611775379,198.740913754215,"A"
16773.7315536841,49.1030222664397,197.835960283525,"C"
13981.999597225,50.3121699110065,200.189514943435,"B"
14089.3513045859,46.1335983644262,194.464644835729,"C"
15745.1863709802,49.9500988347022,199.569814561163,"B"
15426.6027018519,50.0911619336714,202.898981277504,"C"
17229.3608362102,56.4283236018157,197.905593460693,"A"
16552.8885072781,48.0660241418892,199.159348233423,"C"
17176.2609938139,55.2582075641109,202.328957719728,"C"
14897.8637585469,51.2351926220176,198.671748880539,"B"
13825.1360777415,52.5290973205252,195.965254572651,"B"
15065.5263985414,47.7511587187715,200.845752392212,"B"
15533.1742970627,52.24441001626,201.044834538172,"B"
16029.3114182727,52.665968490194,202.970906285293,"A"
14384.5320052146,44.4059254445653,200.913497137127,"B"
14404.6525794562,45.880078224797,203.927970335736,"B"
14987.009134769,52.4308453018911,198.885363767962,"B"
17219.8731062463,52.3050515800608,199.754683703233,"B"
17127.6168093344,53.2408121782099,198.091315990442,"B"
15505.7422143935,54.3932267831428,196.345068143802,"A"
12344.5046102353,52.5586222010897,196.134765187268,"C"
10826.2364744765,39.1480164636836,198.460435122807,"C"
15984.4028670771,50.749692580104,201.803607613691,"C"
15201.2392976293,53.5119168831997,199.566226194683,"A"
17289.5911223457,47.2559923083398,203.990549079585,"A"
14181.0919046176,53.4941701400189,198.710963899571,"A"
18538.7491535752,62.1385082130607,200.438747437395,"A"
15506.1988769588,50.4270971085421,198.28643466624,"B"
15623.0813915098,48.9456805290765,204.302247556275,"B"
17743.5787307157,48.2539325850209,192.128952440285,"C"
14403.1450806098,52.8905477476023,196.248229162944,"B"
16342.6781663279,47.7995862621641,205.851677070554,"C"
15349.8402147673,53.2202261686622,198.158000392166,"A"
14539.1122308124,48.3021182759128,198.464756913067,"B"
13438.3262378049,52.5650473684369,194.010101145991,"B"
16252.9362776181,50.6909682195119,200.969514961009,"A"
10507.9298092916,34.9527262298587,196.677658505254,"B"
15909.7946870628,50.1040402846052,198.124799188957,"B"
11324.4788077596,39.0295719284858,201.765583491918,"B"
15958.9769027216,49.0775340098368,198.614569513848,"A"
16928.5038068464,54.8033032223061,201.172584996851,"A"
16884.9980502764,56.0037942667362,200.1833391588,"B"
14887.3001771534,50.6870131591919,199.995970026425,"C"
17026.280093951,52.6608383158234,201.58275229175,"B"
12637.9150602241,45.1828710819508,192.313949882934,"A"
16207.4912056137,45.7117798403478,205.613564933767,"C"
16453.617455285,50.4031828530061,202.398283079954,"A"
15287.3680429728,49.5008424752849,200.703541512462,"B"
16205.7948579432,54.0528591115455,193.92061865481,"B"
16865.9769725105,51.0914812690892,199.291134907166,"A"
13100.4643759035,50.6317955454678,199.332823845441,"A"
16941.787014987,52.3773738131855,196.75725784654,"A"
15519.3497075747,49.3412840860778,201.135778265683,"A"
12296.7092169846,38.7533456737928,200.321443581261,"A"
12935.4428198065,43.7191475636425,205.280249369725,"A"
13424.8199768351,45.9435976296868,200.772237834174,"C"
18984.1139516326,62.3196573283998,198.83883421252,"A"
15538.849401691,49.9797197681409,200.700484289101,"C"
15222.4349945258,52.0731474175131,198.066055461688,"B"
19210.4967172149,49.0417465494504,204.235033641068,"A"
18063.7071280534,50.5613653661489,202.622538365584,"A"
10665.2244701361,36.9858586861593,194.749780233321,"B"
14371.6539000976,48.1687018140493,201.079350671622,"C"
15253.4490075734,50.5188739973385,199.502416183214,"C"
15165.988837322,51.6266601463265,206.835097514191,"C"
16039.3370902082,49.6442543326658,200.539709752786,"A"
13339.9531165063,44.3439598977085,204.625950074514,"B"
15312.3334321488,50.6328045304649,200.316128984572,"C"
16212.0633239225,52.5992226276796,204.016459869756,"B"
13271.7791883635,45.6395345538212,195.678539890619,"C"
12390.4562294528,44.9781942653456,198.197100836224,"C"
20379.0988476006,68.7705807601732,200.018711439511,"B"
16193.0588362384,53.8102076701541,199.326634970359,"B"
14798.9858083778,48.3865618324497,204.541440780145,"B"
11937.4167172303,46.2005374624687,193.702651599856,"A"
15882.75784499,49.5437185552877,199.879391001126,"B"
20263.7664796494,59.3015372492776,197.439364881694,"C"
15921.6615127562,50.0464676521562,200.341618587568,"B"
17109.7984818291,54.3204171312221,197.275168729328,"B"
15615.3435091506,47.0953503664163,200.550102029179,"A"
18585.561001439,57.5247088550649,200.525568159583,"B"
13373.843510727,45.2059948652524,206.499329698068,"A"
15548.7280181902,51.5810681376835,198.802115111165,"C"
13665.7033271908,44.7515354788818,200.259367698662,"B"
10237.6388772491,39.372310378717,207.149138554952,"A"
18465.5924112975,52.483843062066,198.991669762352,"C"
15133.1303353292,47.8953984968008,202.289759957988,"A"
15482.5301513601,49.6975970309183,200.301929436602,"C"
17373.0073402699,54.9086238930902,207.04715903234,"B"
14629.9274759469,47.3037407541078,198.751224170405,"B"
12212.7690650899,46.9874868899384,198.334255850555,"B"
15562.5604928527,47.870790344882,205.947781539349,"B"
15366.9028866471,50.835272145213,199.039924767223,"A"
13971.5540235354,46.9802429210387,199.305251307692,"C"
15263.5694907858,50.8966238930936,196.396688297108,"A"
10274.0217211587,41.2801951769906,195.685804598123,"A"
18422.8693071421,56.7824856393636,200.796336822689,"A"
15904.4457192216,51.4201034868728,200.841742258938,"B"
13127.7833127007,41.7522057293002,200.198188312366,"A"
16901.5568467227,57.1980041030331,194.776109008935,"B"
14610.6141934205,52.6658840954109,200.659649529444,"A"
14051.213230589,46.357956249802,200.284390022835,"B"
15336.6527979805,48.1958935881403,201.218224276048,"C"
18199.9365551199,54.1158771296042,204.484960828374,"B"
13842.7160580024,46.7300908094187,203.937119918331,"B"
14637.3355736895,49.0731719275487,200.389810235121,"C"
13862.9394630816,45.905169968448,200.480469205908,"B"
14977.2658673057,49.2743048352771,200.617139314736,"B"
17844.6466756844,54.8788731110954,200.314116294665,"A"
10679.4639179044,42.3273259056975,192.044253799936,"A"
15348.0309650593,51.8686870580437,199.868325874949,"C"
13704.3259061409,49.7630199922493,198.962822861736,"A"
15030.639190475,47.9634800089044,199.746698356236,"B"
14008.3111807816,46.2704466120227,198.050592222397,"C"
12986.7933476931,49.8682838996914,204.788758145993,"B"
15688.9992611918,48.3689719224715,196.897052104114,"A"
15205.5952663014,52.9937212019175,199.613478271517,"C"
15660.4190023624,51.1486607034297,198.721116998565,"B"
17073.845358626,54.0466027307784,198.041491051874,"A"
15614.1737542756,54.1565742895111,202.45585596595,"B"
15811.5612589234,52.4728119482602,202.607642619392,"A"
14625.5224367711,48.9980966372074,200.64327380524,"A"
14198.3648978977,50.6934161381854,198.526773014964,"A"
12195.4032531112,36.4843226693038,198.148630754825,"C"
12794.1515822241,44.8429834077858,198.186645648767,"C"
12350.5720959928,49.4964729085585,197.900597680558,"C"
16538.9993163885,54.7158191584929,200.479472705906,"A"
16314.1803088547,49.0673046003139,200.805963345101,"C"
14271.8070521413,46.7922124713954,197.787270285258,"C"
17245.6059566466,51.231633736889,193.564095393247,"A"
16121.353158386,49.5920186499643,203.354758476387,"B"
15506.7315307016,50.8591163245717,199.577598824119,"B"
13797.7046104737,47.6949730038649,199.721600206965,"A"
17603.4539276004,52.7724160630576,203.049906629905,"B"
18592.4059118923,49.5561774753175,196.30167447691,"C"
15338.3574570299,50.3222737810493,199.349098082007,"B"
15792.9718841148,56.2750596498619,195.657787555462,"B"
17130.9955445623,54.2529988046352,199.210472973639,"A"
14023.2058631109,47.505260429304,198.997650756075,"C"
15939.6404476316,51.4158222265931,200.690400519938,"B"
18269.7468035665,58.0011655453104,202.996188258065,"B"
11980.0307817331,40.4708786092906,192.448554271334,"B"
15011.0605432011,51.0896996309358,201.376663051023,"C"
16484.8437926165,51.9544657388964,199.091182334076,"C"
17037.4278648933,48.6496318133289,203.780930972192,"C"
18657.518956285,55.3455780383286,198.351285624013,"B"
13987.641359569,43.9836780303068,197.128501366731,"C"
15708.573861888,52.0834177888491,199.968788946224,"A"
